,rating,lang_langid,lang_langdetect,lang_textblob
0,Excelente trabajo!!,"('es', -29.372055053710938)",es,es
1,"bien ,pero no retiro el otro electrodomestico","('es', -169.43435192108154)",es,es
2,"bien era lo que esperaba,excelente para recomendar","('es', -175.99293422698975)",es,es
3,"No estoy conforme,indignada. Se ven 15 cm desde el interior. Ninguna colocación en los edificios vecinos tiene semejante error. Tenía espacio para bajarlo, adujo que no hacía instalaciones de altura, cuando por teléfono Uds. me dijeron que era posible. Pasó a una plataforma externa, sólo hubiera debido poner 15 más abajo las ménsulas. Es un trabajo mal hecho.Cobró $700.- extras pero no usó ni dos metros de cables.","('es', -1792.244439125061)",es,es
4,Fue todo como lo esperaba. El servicio recibido fue muy bueno.,"('es', -201.22141933441162)",es,es
5,Me isieron llevar al Auto para revisarlo ni lo vieron me pasaron un presupuesto a la vista era más fácil decirme cuanto salia todo y no perdía el día de trabajo al pedo,"('es', -735.717363357544)",es,es
6,Todo fue rápido y sin problemas,"('es', -102.0554871559143)",es,es
7,Desempeñó muy bien su trabajo. Muy conforme.,"('es', -113.61680555343628)",es,es
8,Buen laburo,"('es', -20.020559787750244)",es,es
9,Muy Bueno,"('en', 9.061840057373047)",es,es
10,A visita foi muito boa.,"('pt', -64.3545970916748)",pt,pt
11,excelente servicio,"('es', -39.526987075805664)",es,es
12,Quede muy satisfecha con el servicio y trabajo realizado,"('es', -190.29430532455444)",es,es
13,"Personal responsable, buen trato.","('es', -8.952825546264648)",es,es
14,Buen trabajo me gustó,"('es', -48.55097007751465)",es,es
15,"Personal responsable, buen trato.","('es', -8.952825546264648)",es,es
16,SE PROCEDIO CON RESPETO AL PRESENTARSE,"('en', 9.061840057373047)",pt,es
17,"FUI, A HORA, EL ENCARGADO NO ESTABA A LA MAÑANA, TUVE QUE VOLVER A LA TARDE,EL PRESUPUESTO ME PARECIÒ CARO","('ka', -46.02501320838928)",pt,es
18,Excelente!,"('en', 0.6303577423095703)",ro,es
19,Muy prolijo,"('lt', -10.913097858428955)",lt,es
20,Todo muy bien,"('es', -29.40669059753418)",es,es
21,No se pudo reparar.,"('es', -9.404094696044922)",pt,es
22,"tengo un aa instalado, el cual se soltó de la chapa que lo soporta. El técnico propuso subirse al equipo exterior (vivo en un piso 11) lo que me parece innecesario y riesgoso.","('es', -641.0123312473297)",es,es
23,satisfactorio,"('en', 9.061840057373047)",ro,es
24,Excelente,"('en', 0.6303577423095703)",ro,es
25,Excelente la atención,"('es', -93.5795087814331)",es,es
26,"Creo que esta vez quedo bien. Muy buen trato, muy puntual y muy responsable, pero hubo que hacerlo mas de una vez.","('es', -308.5213086605072)",es,es
27,Todo correcto y puntual,"('es', -51.96999263763428)",es,es
28,No vino el profecional y no me avisaron,"('es', -94.25112962722778)",es,es
29,muy buenos profesionales excelente trato y respetuosas.,"('es', -106.16514730453491)",es,es
30,Satisfecho con el trabajo y el armador,"('es', -147.7882194519043)",es,es
31,Excelente,"('en', 0.6303577423095703)",ro,es
32,Excelente,"('en', 0.6303577423095703)",ro,es
33,POR AHORA ESTA FUNCIONANDO BIEN,"('en', -9.327951431274414)",pt,es
34,"Me costo que me cambiaran de técnico indicando que dejaba mal al nombre y servicio de la firma PIRQUE se manejaba por detrás y además era una persona muy manipuladora con la palabra me agarró cansada lo califiqué como muy bueno , “eran en criollo un chanta”... y aún la empresa quería que pagara yo un Remise porque él se llevó el aire a su casa para arreglarlo y que le hysaliera máseconomico pero PIR detrás de la firma tiene mi número de celular espero no tener problemas y aún contando todo quería la empresa que me esté Tecnico volviera a mi casa a colocar un equipo que lo llevo por detrás de la firma y yo sin tener garantía hasta que al día siguiente después de pensar me di cuenta de lo que me hizo hacer hasta mencionó que me brindaba su amistad y que no le gustaba si hablaba mucho lo que me da por pensar que pueda hacer alguna maldad PIR eso lo dejo PIR escrito habla poco y que brindaba amistad pero que no se entere la firma considero persona intimidatoria","('es', -4197.7902109622955)",es,es
35,Profesional,"('en', 9.061840057373047)",en,es
36,Gracias emiliano,"('es', -56.66229724884033)",es,es
37,Sin más que decir genial todo,"('es', -161.11839318275452)",es,es
38,todo bien !!,"('es', -37.10813093185425)",es,es
39,Todo.muy bien,"('mt', -6.486800193786621)",es,es
40,todo ok,"('pt', -19.84747314453125)",sk,es
41,Excelente,"('en', 0.6303577423095703)",ro,es
42,Muy buen profesional.,"('de', -0.17456340789794922)",es,es
43,Muy correcto y educado,"('es', -50.120436668395996)",es,es
44,Falta sellar las cabinas. Quedó en volver para hacerlo. Cuando termine el trabajo quizás pueda calificarlo mejor.,"('es', -452.5713176727295)",es,es
45,10 puntos ,"('es', -16.854156970977783)",es,es
46,cordial. puntual. todo bien.,"('es', -37.620888233184814)",es,es
47,"Buena impresión ,profesional, atento y educado.","('es', -136.40668535232544)",es,es
48,Ótimo atendimento e pontualidade.,"('pt', -120.92769718170166)",pt,pt
49,Muy buena la predisposición y atención. Esperamos el presupuesto.,"('es', -253.9826602935791)",es,es
50,Pusieron mal la hora,"('eo', -30.270063400268555)",es,es
51,El técnico excelente trato y compromiso con su trabajo. No pudo resolver aquí y se tuvo que llevar el tv,"('es', -330.5193147659302)",es,es
52,Muy buen trato,"('de', -0.17456340789794922)",es,es
53,Todo muy bien,"('es', -29.40669059753418)",es,es
54,"Esta es la tercera vez que pido que vayan a hacer la garantía a mi casa, el trabajo sigue mal hecho y persisten las manchas en mi sala, hoy para no variar, estuvimos esperando que el profesional llegara a casa y justo a las 3 pm me avisan que el trabajador no va a ir ya que no se asignó el trabajo, esto ya lo he reportado a operaciones y no hay seguimiento alguno de mi caso, cabe mencionar que el profesional dijo que esta semana no puede ir sino hasta el próximo martes, la solicitud la pedí desde el 5 de octubre y a casi mes y medio después mi sala sigue sucia siendo que pague al 100% el trabajo por adelantado. HELP","('es', -2648.0063996315002)",es,es
55,el presupuesto fue sumamente elevado,"('es', -88.06366300582886)",es,es
56,muy buen desempeño un profesional que deja muy bien a su empresa felicitaciones,"('es', -320.40395736694336)",es,es
57,Bmuy bien,"('mt', -6.486800193786621)",es,fr
58,Fravega no entrego el aire.,"('es', -111.60708856582642)",es,es
59,"Muy alto el precio que me cobró la empresa vendedora del servicio comparado con otros, la unica ventaja es la financiación dwl mismo.","('es', -620.4288017749786)",es,es
60,todo ok,"('pt', -19.84747314453125)",sk,es
61,"El trabajo de durlock quedó muy desprolijo, en las dos habitaciones se ven marcas en el techo por estar mal colocado. Los pisos quedaron bien, pero un poco desprolijos los zócalos. Muchas veces venía menos personal que el que correspondía y les faltaban materiales. El trato bueno","('es', -1363.4441640377045)",es,es
62,Respondió dudas y todos los comentarios,"('es', -172.28864336013794)",es,es
63,"Podría chequear con ustedes cuando podría coordinar con otro profesional que pueda realizar el trabajo, por favor?","('es', -453.09048080444336)",es,es
64,Buena atencion,"('es', -31.490838527679443)",es,es
65,Todo excelente,"('es', -26.33094596862793)",pt,es
66,Todo en orden,"('es', -37.09543466567993)",es,es
67,Vino correctamente me dejo una boleta y retiro el televisor muchas gracias,"('es', -218.07080721855164)",es,es
68,"Foi apenas uma visita para pedir orcamento, aimda nao posso falar sobre o serviço.","('pt', -219.51025819778442)",pt,pt
69,cumplío con el trbajo como lo previsto.,"('es', -118.32326793670654)",es,es
70,Excelente vino tempranito me fallo el otro tecnico del lavavajilla,"('es', -196.91713547706604)",it,es
71,muy buena atención,"('es', -52.51024580001831)",es,es
72,Conforme con la visita,"('es', -31.47225522994995)",it,es
73,"puntuales, prolijos, me aconsejaron bien, correctos, quedó bien instalado","('es', -250.84515047073364)",es,es
74,Todo bien,"('es', -21.023327827453613)",es,es
75,El diagnostico fue motor roto... aguardo presupuesto,"('es', -89.73442506790161)",es,es
76,"Todo salió muy bien, pero se complicó el desagote del aire por estar mal colocado, se picó la pared para bajarlo.","('es', -441.913206577301)",es,es
77,"Profissional atencioso, fez o serviço conforme foi preciso, identificou o vazamento,fez o reparos necessários.","('pt', -307.96867752075195)",pt,pt
78,:) excelente,"('en', 0.6303577423095703)",pt,es
79,todo perfecto. Muchas Gracias.,"('es', -66.59742641448975)",es,es
80,Todo muy bien.,"('es', -38.46366786956787)",es,es
81,La verdad quede muy conforme con la atención y la amabilidad de las personas que vinieron a colocar el equipo,"('es', -354.4986002445221)",es,es
82,Explicó todo muy bien,"('es', -67.92728519439697)",es,es
83,No cumplió con mis expectativas.,"('ca', -86.2976245880127)",es,es
84,"correcto
","('en', 9.061840057373047)",es,es
85,Siempre manejo todo correctamente.Recomendable¡¡¡,"('es', -109.34155416488647)",es,es
86,"Estaban muy apurador y llegaron sobre la hora, me dieron buenas ideas y fueron prácticos.-","('es', -381.9889769554138)",es,es
87,"muy bueno el servicio, recomendable","('es', -84.18801832199097)",es,es
88,Muy bue. Trabajo ,"('es', -21.49064064025879)",es,es
89,no trajo certificado de Art y tuvimos que esperar mas de una hora para obtenerla.,"('es', -324.78935718536377)",es,es
90,BUENO,"('en', 9.061840057373047)",de,es
91,Todo excelente,"('es', -26.33094596862793)",pt,es
92,Falta de gerenciamento da obra,"('pt', -161.95820450782776)",pt,pt
93,muy bien,"('mt', -6.486800193786621)",es,es
94,conforme con el trabajos.el SR. Ludueña muy profecional,"('es', -108.13743448257446)",es,es
95,Ótimo e rápido,"('pt', -80.54589033126831)",pt,pt
96,Tenia que hacer un diagnostico y no tenia los materiales como para hacer mediciones...,"('es', -335.9982829093933)",es,es
97,El profesional dice que llego a mi domicilio 9:40 y toco el timbre. Habia gente en mi casa esperando y el timbre no lo escucharon. Lo que no entiendo es como teniendo mis datos de contacto no me llamaron para ver que pasaba. Necesito reprogramar la visita. gracias,"('es', -965.4532539844513)",es,es
98,Todo bien,"('es', -21.023327827453613)",es,es
99,Atención profesional. Recomendable ,"('es', -63.41157102584839)",es,es
100,Todo muy bien,"('es', -29.40669059753418)",es,es
101,Todo muy bien,"('es', -29.40669059753418)",es,es
102,Muy amable y me dio una solución enseguida,"('es', -136.596275806427)",es,es
103,"El mail confirmando la visita del Sábado 18/Nov me llegó el Domingo 19/Nov a eso de las 15.30 hs. El día Sábado no concurrió nadie. Tampoco me llamó nadie, ni de IguanaFix ni el Sr Balbastro (quien por el mail recibido el Domingo me enteré que era la persona que concurriría a encontrarse conmigo en mi departamento), ni se me envió ningún mensaje pese a que mi celular está encendido las 24 horas. Quedo a la espera de un nuevo contacto de Uds a fin de reprogramar la visita. Gracias. Saludos, Ricardo De Ridder Cel: 15-4479-0279 (Whatsapp: +54 911 4479 0279)","('es', -1893.695886850357)",es,es
104,"El seudo ""profesional"" nunca vino. Lamentable","('pt', -48.80542755126953)",es,es
105,"Por ahora fue solo una visita, pero fue una persona muy amable.","('es', -168.4812560081482)",es,es
106,todo bien. Espero presupuestos,"('es', -107.73852396011353)",es,es
107,Es costoso el precio para el armado lamentablemente,"('es', -176.1914472579956)",es,es
108,El funcionario se tomó la molestia de avisar telefónicamente que estaba un poco retrasado.,"('es', -364.678866147995)",es,es
109,Todo impecable!,"('it', -11.325098037719727)",es,es
110,Muito bom.,"('it', -12.811354160308838)",pt,pt
111,"Todo perfecto, el señor muy amable y correcto. Llevó poco tiempo la reparación.","('es', -266.23715114593506)",es,es
112,"Todo bien, hasta me ofrecieron soluciones. Muy conforme. Estoy a la espera del presupuesto y cuanto demora en hacerlo.","('es', -399.2763442993164)",es,es
113,"Se deberia reconsiderar el costo. Fueron 2 dias en vez de 4 de trabajo, sin materiales. El profesional excelente","('es', -277.0149004459381)",es,es
114,Hubo un problema con el horario y el domicilio-,"('es', -166.22153091430664)",es,es
115,Fué puntual y muy ágil.,"('pt', -83.1622486114502)",es,es
116,no pudo arreglarlo pero porque no se podia ese dia,"('gl', -164.64651536941528)",pt,es
117,Todo acorde.,"('pt', -16.833274841308594)",pt,es
118,"El instalador realizó el trabajó con exceso de confianza, realizó juicios de valor que nadie le solicitó y hizo su trabajo en el tiempo acordado.","('es', -635.4425258636475)",es,es
119,"Muy Buena la instalcion, en tiempo y forma","('es', -70.43414688110352)",es,es
120,Puntual y de trato agradable,"('es', -49.3221652507782)",es,es
121,Tdo ok,"('pt', -4.538136005401611)",sk,ms
122,Había pedido que viniera de 16 a 19hs. El técnico me estaba esperando a las 15:45 cuando llegué.Gracias!,"('es', -431.9190351963043)",es,es
123,tudo certo.,"('pt', -4.182244777679443)",pt,pt
124,"cumpriu conforme informado,","('pt', -40.73033905029297)",pt,pt
125,ótimo trabalho,"('pt', -72.52649402618408)",pt,pt
126,"Fue puntual, cordial y prolijo. Muy recomendable","('es', -40.64628314971924)",es,es
127,Los recomendaré. Me solucionaron el problema.,"('es', -91.89228200912476)",es,es
128,"Instalo todo bien, pero me cobro 300 pesos.fue una instalacion normal no se porque cobro. Y me dejo el piso sucio.muy caro todo. Ya conoci otros q instalan lastima que fue tarde.","('es', -456.280455827713)",es,es
129,buen trabajo,"('es', -24.00764560699463)",es,es
130,todo muy bien impecable,"('es', -54.95007562637329)",es,es
131,LLLLLLLLLLLL,"('en', 9.061840057373047)",fr,cy
132,LLLLLLLLLL,"('en', 9.061840057373047)",fr,cy
133,"Hola, cuando me enviaran el presupuesto, porque el viernes ya quiero pintar","('es', -290.090407371521)",es,es
134,muy amable y serio,"('es', -4.592705726623535)",es,es
135,La mala pericia en una simple colocación de zócalos me trajo serios problemas de reprogramación en tareas subsiguientes,"('es', -470.158842086792)",es,es
136,Pagué por un servicio que no realizaron. Muy disconforme,"('gl', -178.73317432403564)",es,es
137,"no se probo bien las lineas que tenia instalado, se soluciono el problema.","('es', -271.25714111328125)",es,es
138,Excelente,"('en', 0.6303577423095703)",ro,es
139,Deberían preguntar esto con más tiempo porque hay arreglos que la calidad se verifica pasados unos días.,"('es', -489.95332860946655)",es,es
140,"Muy conforme, super recomendable su trabajo","('es', -47.217227935791016)",es,es
141,Todo bien,"('es', -21.023327827453613)",es,es
142,Todo bien,"('es', -21.023327827453613)",es,es
143,Trabajo correcto pero quizas deberian volver a su lugar los muebles y no dejar tanta suciedad,"('es', -347.3636860847473)",es,es
144,Cara la instalacion,"('es', -40.55289173126221)",es,es
145,la persona que vino no es la que informaron previamente. No sabía ni como empezar el armado. Vino con su esposa y demoro muchisimo.,"('es', -475.79521918296814)",es,es
146,Todo bien,"('es', -21.023327827453613)",es,es
147,"No se hizo el trabajo ya que era más que todo para ver qué tenía y el mecánico ya nos había anticipado que se iba de vacaciones, pero aun así se tomó la molestia de revisarlo con gran cordialidad. Sin dudas para cuando vuelva volveré a llevarle el vehículo.","('es', -1336.0373191833496)",es,es
148,TOTALMENTE CONFORME CON LA VISITA,"('mt', -10.452762126922607)",vi,es
149,Excelente! Muy profesional,"('en', 0.6303577423095703)",es,es
150,Excelente! Muy profesional,"('en', 0.6303577423095703)",es,es
151,se realizó lA VISITA EN TIEMPO Y FORMA,"('hu', -46.88056755065918)",pt,es
152,Muy buena predispocicion de los tecnicos. Los voy a recomendar! La verdad que super conforme.,"('es', -247.07021307945251)",es,es
153,Precio del trabajo muy excesivo,"('es', -86.47460389137268)",es,es
154,Llego más tarde de lo que decía el mail. Pero hizo su trabajo ok,"('es', -333.69387769699097)",es,es
155,Buen servicio,"('es', -26.922865867614746)",es,es
156,El tecnico trabajo muy bien pero aún no han pasado las hs indicadas por el para probar la reparación de las perdida. Ante cualquier novedad me estaré comunicando. Muchísimas gracias.,"('es', -720.8794243335724)",es,es
157,El trabajo se hizo fuera de hora pero bien algo limitado para el precio.,"('es', -283.4669225215912)",es,es
158,Todo bien,"('es', -21.023327827453613)",es,es
159,Esperamos a solução do problema o qual foi feito o orçamento.,"('pt', -262.20551919937134)",pt,pt
160,Todo bien,"('es', -21.023327827453613)",es,es
161,Excelente,"('en', 0.6303577423095703)",ro,es
162,"Muy bueno todo, llegó puntual inspiró confianza y sus recomendaciones fueron valoradas","('es', -292.1337571144104)",es,es
163,Vino fuera del horario pactado..Lo cual afecto mi tarea diaria..perdi todo el día solucionado problemas con la compra y colocación del equipo,"('es', -521.4929909706116)",es,es
164,Exelente,"('en', 9.061840057373047)",ca,es
165,Muy buen trabajo!,"('es', -24.00764560699463)",es,es
166,Muy bien,"('mt', -6.486800193786621)",es,es
167,No vino y no se comunicó,"('es', -67.50177192687988)",es,es
168,"Quedo a la espera del presupuesto para tomar una desicion, gracias","('es', -267.37315702438354)",es,es
169,El instalador nunca se presentó ni me avisaron que no vendeia. Un DESASTRE el serbixio,"('es', -258.63290548324585)",ca,es
170,Buena atención,"('es', -52.51024580001831)",es,es
171,Muy buen trabajo.Muy recomendable el servicio.,"('es', -84.35627460479736)",es,es
172,Verídico los arreglos. Muy educado y servicial,"('es', -153.09280109405518)",es,es
173,Gastón es un excelente profesional. Entrego el trabajoben tiempo y perfectas condiciones.,"('es', -312.2750573158264)",es,es
174,Leandro y Damián. excelentes personas y profesionales.,"('es', -138.87995672225952)",es,es
175,Muy bien,"('mt', -6.486800193786621)",es,es
176,"Trabajador,exacto , prolijo y rapido","('es', -113.01341485977173)",es,es
177,Todo salio bien. Se complico un poco el trabajo pero finalmente se pudo resolver bien ya que era un trabajo complicado teniendo en cuenta las características del edificio,"('es', -751.9427936077118)",es,es
178,Exelente. Muy buen servicio,"('es', -26.922865867614746)",es,es
179,Muy buen trabajo y puntualidad,"('es', -62.95228290557861)",es,es
180,"Un espectáculo. Todo de 10; desde sacar el aire viejo, la mejor colocación súper prolija y limpieza al irse. Un gol!","('es', -429.8180332183838)",es,es
181,Excelente el profesional (pintor) que fue a mi casa. Un gusto tratar con él.,"('es', -221.97678184509277)",es,es
182,"Disgustada con el cobro de 600 $ Me parece vergonzoso, luego de haber abonado 3.800 $ No comparto la medición realizada para cobrar ese plus","('es', -439.25859212875366)",es,es
183,Buen servicio,"('es', -26.922865867614746)",es,es
184,"Preciso,conoce su trabajo y me asesoro con lo mas conveniente, vere presupuesto para definir,gracias","('es', -226.78807425498962)",es,es
185,Impecable. Recomendable,"('en', -0.2975168228149414)",es,es
186,Muy buen trabajo,"('es', -24.00764560699463)",es,es
187,"Intente reiteradas veces comunicarme con Iguanafix para reprogramar, ya que tuve una emergencua familiar, y me fue imposible. Nunca me llego el mail de confirmación del profesional o sus datos para poder contactarme con el directamente tampoco. Espero que me contacten a la brevedad.","('es', -805.5865430831909)",es,es
188,"Llegaron una hora despues del horario acordado. Y tardaron casi 3h en instalar, cuando el otro chico q vino a instalar el otro aire lo hizo en 1h y media. A la empresa le avise 3 veces por telefono q no funcionaba el timbre y me llamaron para avisarme q nadie contestaba cuando ya habia avisado. Al mediodia me habia quedado muy conforme. Despues con esto me quede enojada, ya que tuve que recibir reclamos de vecinos y de la administracion por los ruidos molestos en horarios incorrectos...","('es', -1930.815191268921)",es,es
189,"Muy bueno, en amabilidad e idoneidad. Me resolvieron el problema bien y prontamente. El único contratiempo, no me fue posible abona con tarjeta online.","('es', -384.6975345611572)",es,es
190,Algo pasó cuando pusieron el aire con la persiana del Living que estaba hecha nueva el miércoles . Le avisé al técnico pero aún no me respondió para venir a ver si algo quedó grabado en el portarrollo. Espero me resuelvan el tema a la brevedad posiblesolucionen el,"('es', -1199.8320262432098)",es,es
191,Todo muy bien,"('es', -29.40669059753418)",es,es
192,todo ok,"('pt', -19.84747314453125)",sk,es
193,Excelente profesional,"('es', -6.790286064147949)",es,es
194,Excelente,"('en', 0.6303577423095703)",ro,es
195,Sin malicia al cotizar,"('es', -58.31616449356079)",ro,es
196,Muy buena la atención.El equipo tenía un golpe y el soporte del equipo estaba mal soldado.El técnico lo fotografió.,"('es', -459.8839509487152)",es,es
197,El profesional que vino a pasar el presupuesto excelente muy buen trato nos dio muchos consejos y puntual.,"('es', -280.34890937805176)",es,es
198,"Muy buena atención...rapido,confiable y muy amable!!excelente!!","('es', -88.78579711914062)",es,es
199,Muy buen trabajo!!,"('es', -24.00764560699463)",es,es
200,Ótimo,"('lv', -9.945100784301758)",lt,pt
201,Todo muy bien,"('es', -29.40669059753418)",es,es
202,Muy respetuoso y preciso. Espero ahora el presupuesto. Muchas gracias,"('es', -185.35838842391968)",es,es
203,Trabajan muy bien en equipo saludos,"('es', -131.49800205230713)",es,es
204,Me parecio muy bien en todo sentido y con respecto al trabajo a realizar tambien.,"('es', -324.0947322845459)",es,es
205,Fue muy efeciente.,"('es', -8.53766918182373)",es,es
206,"La visita se realizó pero el presupuesto excede mis posibilidades. Muy atento Rolando, me explicó con claridad el trabajo, pero por razones económicas no puedo hacerlo.","('es', -534.3177075386047)",es,es
207,Muy buena atención,"('es', -52.51024580001831)",es,es
208,Muy bien,"('mt', -6.486800193786621)",es,es
209,Buen trato y amabilidad,"('es', -71.18946933746338)",es,es
210,Buen trabajo,"('es', -24.00764560699463)",es,es
211,Todo bien,"('es', -21.023327827453613)",es,es
212,Lo califico con dos estrellas ya que es bastante saladito hacerlo con ellos para no tener problemas con la garantía!,"('es', -433.6441888809204)",es,es
213,Quedo al pendiente de la cotización,"('es', -187.0587055683136)",es,es
214,Le propuse nuevo horario y nadie vino ni sencontacto,"('es', -147.84415245056152)",es,es
215,muy atentos,"('es', -21.930019855499268)",es,es
216,Un equipo vino mal. Tengo q cambiarlo y volver a llamar,"('es', -177.1825728416443)",es,es
217,Sin Comentarios,"('es', -11.198673248291016)",it,es
218,MUY BUEN TRABAJO,"('en', -0.8628549575805664)",vi,es
219,Buena atención y disposición,"('es', -144.38483238220215)",es,es
220,Excelente,"('en', 0.6303577423095703)",ro,es
221,Muy buen trato de parte de Emanuel.,"('es', -72.741868019104)",es,es
222,El aire quedó funcionando bien,"('es', -159.10721015930176)",es,es
223,100% recomendado,"('pt', -10.513223648071289)",pt,es
224,Todo bien. Profesional muy amable. Espero el presupuesto.,"('es', -131.6017689704895)",es,es
225,Muy profesional en su informacion sobre el trabajo a realizar y sobretodo correcto y claro en sus conceptos,"('es', -380.41110372543335)",es,es
226,Excelente trabajo. Para recomendar,"('es', -35.3145866394043)",es,es
227,Se llevo una pieza de mi estufa y no la dejo lista,"('es', -204.75951147079468)",es,es
228,A la espera del presupuesto buena atención,"('es', -174.07188057899475)",es,es
229,Todo como esperaba,"('pt', -80.20406007766724)",es,es
230,Muy conformes con el servicio,"('es', -47.625229358673096)",es,es
231,Contestó todas las preguntas que le realice en cuanto a tiempo de espera etc.,"('es', -308.00273394584656)",es,es
232,No ingrese al taller en una oficina y no estaba el del nombre,"('es', -242.55701756477356)",es,es
233,Todo excelente.,"('es', -26.33094596862793)",pt,es
234,LO ESPERE EN HORARIO PAUTADO. VIERNES 17/11 8 A 12 HS Y NO VINO.,"('en', -0.8512945175170898)",pt,es
235,"todo ok,","('pt', -19.84747314453125)",sk,es
236,Muy amable,"('en', 2.78085994720459)",so,es
237,"Todo bien, el señor muy correcto. Yo no sabía que la persona que venía era de ifix y que después recién me llegará el presupuesto por mail. Pensé que me presupuestaban en el momento. Ningún prob, pero para tener en cuenta.","('es', -968.7736024856567)",es,es
238,Nunca vino a casa.,"('it', -44.9009222984314)",es,es
239,El trabajo se terminó pero la descordinacion de horarios y la falta de comunicación hicieron el proceso muy tedioso innecesariamente. Deben mejorar la comunicación con el cliente para que no pase lo que me paso a mi que tuve que llamar en 3 días más de 10 veces para reclamar.,"('es', -1236.3592591285706)",es,es
240,Buen trabajo,"('es', -24.00764560699463)",es,es
241,Muy serio y atento,"('es', -55.65309286117554)",es,es
242,todo ok,"('pt', -19.84747314453125)",sk,es
243,"Todo muy bien con Pablo, espero que el presupuesto sea acorde al trabajo y trabajar pronto. Con él. Gracias!","('es', -365.857741355896)",es,es
244,muy correcto,"('en', 9.061840057373047)",es,es
245,"Cuando fueron abrir el dpto ya se había ido , los llame varias veces y le di un tel. Directo para que se comunique con quien le abríria y no se que pasó","('es', -794.3997082710266)",es,es
246,Todo correcto.,"('pt', -18.29134702682495)",es,es
247,"La verdad creía que era algo serio me mandaron a un taller donde la persona no existía, y el valor que me pasaron nada que ver con lo que me pasó el taller el 100% más caro","('es', -807.758740901947)",es,es
248,Buena dispocision de los operarios.,"('es', -100.83080172538757)",es,es
249,Trabajo en garantia,"('es', -67.80868768692017)",es,es
250,Sin comentarios,"('es', -11.198673248291016)",it,es
251,Tuvimos que posponerlo ,"('es', -87.07477760314941)",es,es
252,"Luego de revisar el aire acondicionado, lo dejo flojo.","('es', -218.29213047027588)",es,es
253,Todo bien,"('es', -21.023327827453613)",es,es
254,Satisfecho,"('en', 9.061840057373047)",de,es
255,Muy bueno,"('en', 9.061840057373047)",es,es
256,"revisó el equipo y dijo que no era problema de gas, que tiene quemado el motor del ventilador. quedó que me pasaría un presupuesto, cómo se sigue entonces? además, el técnico se olvidó en casa unas herramientas","('es', -978.9763236045837)",es,es
257,Excelente trabajo.- Muy prolijo,"('es', -55.03298473358154)",es,es
258,Muy buen trabajo,"('es', -24.00764560699463)",es,es
259,Muy buen trabajo,"('es', -24.00764560699463)",es,es
260,Muy buen trabajo realizado,"('es', -66.07717752456665)",es,es
261,"Bien, solo fue una visita para presupuesto","('es', -87.06951475143433)",es,es
262,Exelente,"('en', 9.061840057373047)",ca,es
263,Fui bem atendido,"('pt', -24.918531894683838)",pt,pt
264,Por motivos de tránsito no pude llegar en el horario en que se encontraba abierto el taller,"('es', -379.1149423122406)",es,es
265,AGILES,"('en', 9.061840057373047)",tl,fr
266,AGIL Y RAPIDO,"('en', 9.061840057373047)",cy,es
267,Bien!,"('en', 9.061840057373047)",de,fr
268,Muy amable agradecida por su trabajo,"('es', -71.04519176483154)",es,es
269,El envió no erajivocado se debió hacer reclamo su desempeño muy bueno,"('es', -346.3883352279663)",es,es
270,Muy bien hasta ahora.,"('eu', -56.80339241027832)",so,es
271,Todo muy bien.Por el precio debieran incluir la parte electrica...ya que en mi caso estaba solo que por el aparato necesitaba una toma mas grande y el personal ese trabajo no lo realiza es decir quedó probado en 5 minutos y ahora tengo que esperar un electricista que me cabie el toma para que funcione...está en el contrato solo sugeriría que se incluya...gracias!!,"('es', -1486.4917702674866)",es,es
272,muy buen trabajo y muy cordial el trato y la atención,"('es', -178.27645063400269)",es,es
273,Todo bien,"('es', -21.023327827453613)",es,es
274,Muy buen trabajo.Recomendable.,"('es', -34.063889503479004)",es,es
275,Tiene que Preparar el presupuesto del trabajo. Todo OK.,"('es', -174.3924205303192)",es,es
276,correcto y cordial,"('es', -32.45240879058838)",es,es
277,Excelente profesional.,"('es', -6.790286064147949)",es,es
278,Pedro te sigo esperando te dejo mi celular 1549277989 gracias,"('es', -145.44376349449158)",es,es
279,Muy buen trabajo,"('es', -24.00764560699463)",es,es
280,Recomendable!,"('en', -0.2975168228149414)",es,es
281,excelente,"('en', 0.6303577423095703)",pt,es
282,Muy trabajo realizado,"('es', -64.70410966873169)",es,es
283,Muy comforme todo ok saludo,"('pt', -28.773707389831543)",es,es
284,Son muy prolijos para trabajar y respondieron a mis preguntas con mucha amabilidad.,"('es', -256.62040662765503)",es,es
285,"Debieron concurrir por haber instalado mal la manguera de desagote por primera vez y según informe de garantía debían cambiarla y no lo hicieron, solo le pusieron una piedra entre la manguera de desagote y los caños pasantes en el agujero para que no se estrangulara.","('es', -1062.9524464607239)",es,es
286,Satisfecho,"('en', 9.061840057373047)",de,es
287,Muy recomendable,"('en', -0.2975168228149414)",es,es
288,No quedó enchufado el aparato porque no trajeron alargue. Pagué $400 pesos extra y no recibí boleta.,"('es', -362.1860704421997)",es,es
289,Muy correcto se esforzó en solucionar el problema,"('es', -176.4843397140503)",es,es
290,"Tudo certo, Excelente!","('es', -13.668987274169922)",pt,pt
291,Buen servicio.,"('es', -26.922865867614746)",es,es
292,muy buen profesional buen trato y con excelente presencia,"('es', -106.02690076828003)",es,es
293,"Fué un mal entendido, por el valor que aboné creía que era una instalación total y no parcial como me explicaron. Lamentable pero resultó costosa, la labor del personal fué estupendo.","('es', -705.0352017879486)",es,es
294,todo ok,"('pt', -19.84747314453125)",sk,es
295,muy buena onda.todo bien y amables.bien,"('es', -83.96418046951294)",es,es
296,Rápido,"('es', -8.185890197753906)",pt,es
297,Perfecto. Exelente,"('it', -0.4637432098388672)",es,es
298,"No fue claro como era el tema de los trabajos adicionales (carga de gas, trabajo en altura, etc) y nos quedaron dudas sobre quien y como facturan","('es', -639.6475191116333)",es,es
299,Muy bien la persona q me visito. Quede muy complacido. Espero el presupuesto a la brevedad Gracias,"('es', -282.7448539733887)",es,es
300,ninguno,"('es', -16.452350616455078)",tl,es
301,Muy profesional. indico mejorar en el trabajo.,"('es', -95.46917963027954)",es,es
302,Hace ya un dia que vino y todavia no recibi el presupuesto de trabajo,"('es', -229.7671287059784)",es,es
303,Súper puntual y amable,"('es', -54.811039447784424)",es,es
304,Todo bien,"('es', -21.023327827453613)",es,es
305,Muy buena predisposicion,"('es', -31.819512367248535)",es,es
306,Todo muy bien,"('es', -29.40669059753418)",es,es
307,"Gostei muito do SR. Clovis, de fato espero que o orçamento esteja dentro de nossa alçada","('pt', -363.9957764148712)",pt,pt
308,Todo muy bien!,"('es', -29.40669059753418)",es,es
309,Excelente,"('en', 0.6303577423095703)",ro,es
310,Perfeito,"('cy', -6.01302433013916)",de,pt
311,Todo salio bien. Personal idoneo y trato cordial. Lo recomiendo.,"('es', -164.41232347488403)",es,es
312,Quedamos conformes con el trabajo.,"('es', -79.13169145584106)",es,es
313,Todo bieb,"('es', -21.023327827453613)",es,es
314,Todo correcto,"('pt', -18.29134702682495)",es,es
315,Muy prolijo y educado. Revisó bien todo antes de dar un diagnóstico. Parece ser muy cuidadoso con su trabajo y estoy a la espera del presupuesto para solucionar el problema,"('es', -702.6725759506226)",es,es
316,Excelente,"('en', 0.6303577423095703)",ro,es
317,"Todo perfecto, muy recomendable.","('pt', -30.04343605041504)",es,es
318,Espero que envíen el presupuesto y espero poder contratarlos,"('es', -241.72201776504517)",es,es
319,todo muy bien,"('es', -36.94727373123169)",es,es
320,"Juan Martín inspira mucha confianza y se ve que sabe de lo que habla, esperamos poder trabajar con él pronto","('es', -406.6472074985504)",es,es
321,Muy conforme,"('en', 9.061840057373047)",es,es
322,buen trabajo,"('es', -24.00764560699463)",es,es
323,cauto,"('en', 9.061840057373047)",ro,it
324,Muy buen trabajo,"('es', -24.00764560699463)",es,es
325,Puntual,"('en', 9.061840057373047)",id,es
326,No coinciden los precios de la página con los que me pasó el personalmente.,"('es', -342.3346211910248)",es,es
327,El servicio es pésimo,"('es', -131.8800230026245)",es,es
328,trabajo en garantia,"('es', -67.80868768692017)",es,es
329,Muy prolijo y rápidos para trabajar.,"('es', -140.71628141403198)",es,es
330,Muy prolijo y rápidos para trabajar.,"('es', -140.71628141403198)",es,es
331,Muy buen desempeño. .,"('es', -68.35257744789124)",es,es
332,Todo perfecto. Profesional y muy amable. Sumamente recomendable,"('es', -66.3064637184143)",es,es
333,Todo muy bien,"('es', -29.40669059753418)",es,es
334,Excelente,"('en', 0.6303577423095703)",ro,es
335,"Persona correcta, hizo el trabajo convenido y ha quedado bien. Recomendable.","('es', -281.0101490020752)",es,es
336,Excelente trabalho,"('pt', -43.199793338775635)",pt,pt
337,Muy bien,"('mt', -6.486800193786621)",es,es
338,Excelente técnico,"('fr', -39.570741176605225)",pt,es
339,Excelente. Muy correcto educado y prolijo,"('es', -94.25011157989502)",es,es
340,"La verdad trabajan muy pero muy bien,y son gente muy amables","('es', -153.62313032150269)",es,es
341,Todo en orden.,"('es', -58.03425645828247)",es,es
342,"El precio es mejorable, pero, pagar por algo bueno deja conforme...","('es', -188.82533288002014)",es,es
343,Bien el trabajo.,"('es', -53.646663188934326)",es,es
344,"Vino a ver el trabajo. Como implicaba la necesidad de soldar la llave de paso a la cañería, y no tenía la herramienta, dijo que venía al día siguiente. Yo acepté y también acepté el mayor costo que era de 1600 pesos. Acaba de avisar que no va a venir. Quiero que me devuelvan el dinero pagado.","('es', -1363.8309037685394)",es,es
345,Recomendable,"('en', -0.2975168228149414)",es,es
346,"todo bien, gracias","('es', -58.27439069747925)",es,es
347,"Estuve esperado todo el día la visita, para lo cual suspendí todas mis actividades, realice el pago previamente y nadie se presentó","('es', -561.7647113800049)",es,es
348,Muy buenos los instaladores!,"('es', -90.30541706085205)",es,es
349,Todo ok,"('pt', -12.324566841125488)",sk,es
350,Muy conforme... Gracias,"('es', -11.859476089477539)",es,es
351,FELICITACIONES POR MANDARME A JOSE LUIS FERREIRA.ELECTRICISTA MATRICULADO.,"('en', -9.92076587677002)",pt,es
352,Satifactorio diez puntos,"('es', -104.21071577072144)",es,es
353,Muy atentos y respetuosos los chicos! Explicaron todas la opciones claramente. Muy profesionales.,"('es', -229.62331628799438)",es,es
354,Muy buen servicio,"('es', -26.922865867614746)",es,es
355,El profecional muy bien..prolijo en su trabajo. Demoro en terminal pero valio la pena..quedo genial!,"('es', -271.1095633506775)",es,es
356,muy bien,"('mt', -6.486800193786621)",es,es
357,Aún espero mi factura. Muchas excusas para terminar los detalles.,"('es', -189.62086129188538)",es,es
358,Se nota que Gustavo es muy profesional y conoce de los temas y las problemáticas conversadas.,"('es', -258.80989050865173)",es,es
359,Muy buen trabajo,"('es', -24.00764560699463)",es,es
360,Muy educado. Excelente trabajo,"('es', -64.8007082939148)",es,es
361,"Vino puntualmente pero no realizo el trabajo porque encontro todo bien, tampoco me cobro nada","('es', -262.97601318359375)",es,es
362,Todo bien. Gracias,"('es', -61.09585380554199)",es,es
363,Recomendable,"('en', -0.2975168228149414)",es,es
364,En Frávega pregunté específicamente si incluida el soporte; me dijeron que sí. Cundo ví lo q habían colocado en mi domicilio no era un soporte convencional como todos los normales; colocaron algo horrible de color colorado y ya estaba doblado.,"('es', -1020.8684918880463)",es,es
365,No pudo hacer mucho por ser su primer dia,"('es', -138.75430250167847)",es,es
366,Muy bueno!!,"('en', 9.061840057373047)",es,es
367,Fue muy correcto y bien dispuesto a solucionar el problema. Lo recomendaría.,"('es', -208.46446800231934)",es,es
368,Muy prolijo. La verdad realizo un trabajo muy profesional. Lo que me sorprendio es que me cobre un adicional por el trabajo.,"('es', -371.6954565048218)",es,es
369,Conforme,"('en', 9.061840057373047)",en,pt
370,Todo perfecto,"('pt', -18.53882884979248)",es,es
371,Todo muy bien,"('es', -29.40669059753418)",es,es
372,Me gustaría el presupuesto más rápido,"('es', -179.01577997207642)",es,es
373,"Excelente profissional, valeu muito apena","('pt', -59.90294790267944)",pt,pt
374,"Excelente profesionales. Honestos, saben lo que hacen y me dejaron el equipo como nuevo. Los recomiendo 100 % , no duden en contratar su servicio.","('es', -482.2953579425812)",es,es
375,Todo en tiempo y forma,"('es', -80.72394180297852)",es,es
376,"Muy bueno, hizo recomendaciones por el trabajo y ofreciò opciones a tener en cuenta para el presupuesto solicitado.","('es', -386.2972583770752)",es,es
377,Todo bien óptimo profesional. Recomiendo,"('es', -111.8745288848877)",es,es
378,muy bien,"('mt', -6.486800193786621)",es,es
379,"el trabajo estuvo muy bien hecho, muy ràpido, pero ahora no puedo abrir la puerta del lavarropas, una vez de terminado el proceso de lavado.","('es', -546.3738372325897)",es,es
380,Profissional prestativo e competente.,"('pt', -47.484235763549805)",it,pt
381,El profesional se presento en tiempo y forma. Y brindo un asesoramiento claro y correcto. De trato cordial y respetuoso. Muy conforme con la visita.,"('es', -353.1785707473755)",es,es
382,esta es una encuesta? se pregunta la presencia y el horario? y el servicio no cuenta?,"('es', -300.85599422454834)",es,es
383,"no quedo bien terminado el trabajo, mala atencion al cliente postventa","('es', -233.51933097839355)",es,es
384,Primera vez que uso iguanafix y quedé muy satisfecho.,"('fr', -146.20882177352905)",es,es
385,Excelente atención y disponibilidad,"('es', -110.67968893051147)",es,es
386,Los instaladores excelente,"('es', -81.98323774337769)",es,es
387,"No supo resolverlo porque es sólo gasista, la caldera sin reparación. Me envían otra persona que además sepa de electricidad? (casi todas las calderas, calefones, etc tienen problemas de gas y de electricidad!!!) Espero su respuesta.","('es', -805.9312942028046)",es,es
388,No es sencilla la comunicación,"('es', -133.55811738967896)",es,es
389,Colaboró con la solucion a mi problema de humedad,"('es', -131.05964303016663)",es,es
390,Gracias por sus servicios! muy buena atención por parte de Aldo Palavecino,"('es', -259.226774930954)",es,es
391,"Llegó a tiempo, sólo que como no es mi casa, sino el consultorio, se me hizo larga la espera. El rango era de 8 a 12 y llegó 11.45 y tiene que volver. Estuvo muy bien igual.","('es', -679.3005182743073)",es,es
392,"el trato fue correcto, y el trabajo se realizo en tiempo y forma","('es', -182.21539068222046)",es,es
393,Todo muy bien.,"('es', -38.46366786956787)",es,es
394,"Se realizó la visita, pero voy a solucionar el problema de otra forma.","('es', -193.99995303153992)",es,es
395,Todo Ok,"('es', -4.442034721374512)",pt,es
396,Excelente trabajo,"('es', -29.372055053710938)",es,es
397,Todo ok. Tienen que pasarme el presupuesto,"('es', -136.90278720855713)",es,es
398,"Muy Amable, quedo a la espera de que me pasen el Presupuesto.","('es', -218.8128378391266)",es,es
399,Excelente! Gracias!,"('es', -21.096842765808105)",es,es
400,todo ok!,"('pt', -19.84747314453125)",sk,es
401,Satisfecha con el trabajo.,"('es', -66.7194938659668)",es,es
402,"Muy buen trabajo, buena atencion.gracias","('es', -84.14665460586548)",es,es
403,Buen trabajo,"('es', -24.00764560699463)",es,es
404,Todo muy bien,"('es', -29.40669059753418)",es,es
405,"en Fravega no nos informaron que la instalacion en un segundo piso tiene otra tarifa,por lo que pagamos $500 mas de lo pactado en la compra. El vendedor de Fravega no nos aclaro, ni informo.","('es', -744.1940498352051)",es,es
406,el trabajo fue realizado con eficiencia y muy buen trato,"('es', -176.89090490341187)",es,es
407,Buena comunicacion,"('es', -36.98872518539429)",es,es
408,Excelente atencion,"('es', -46.675471782684326)",pt,es
409,Muy buena atencion,"('es', -31.490838527679443)",es,es
410,Quedamos conformes,"('es', -25.77056121826172)",es,es
411,Muy bueno,"('en', 9.061840057373047)",es,es
412,Muy profisional,"('en', 0.6435689926147461)",en,es
413,Excelente,"('en', 0.6303577423095703)",ro,es
414,Muy buen servicio. Se realize el trbajo de acuerdo a lo previsto y ademas me solucionaron otro problema que tenia en el auto.,"('es', -428.11982703208923)",es,es
415,La atención muy buena y lo mejor que fue al momento en el horario acordado,"('es', -314.57244348526)",es,es
416,gente super agradable,"('it', -30.714048862457275)",es,es
417,"muy contento, me fue muy bien !!!","('es', -37.66651010513306)",es,es
418,Todo ok,"('pt', -12.324566841125488)",sk,es
419,"Excelente trabajo,trato y predisposición;muy recomendable","('es', -143.076162815094)",es,es
420,Perfecto,"('en', 9.061840057373047)",en,es
421,Excelente el trabajo del instalador y su cordialidad.,"('es', -175.43226313591003)",es,es
422,No me hizo presupuesto alguno por considerar que sólo se dedican a pintar y no preparar la superficie para esa propósito. Pensé que se dedicaban solucionar integralmente el trabajo.,"('es', -722.7319393157959)",es,es
423,El instalador estubo bien con un poco de demora el servicio de ustedes iguana flic es muy malo,"('es', -400.01673340797424)",es,es
424,"Bueno,sin contratiempos fue una consulta rápida y eficiente","('es', -160.71614933013916)",es,es
425,Excelente el trabajo!!!,"('es', -61.9720516204834)",es,es
426,No vino ni aviso,"('it', -13.472423076629639)",sl,es
427,"Puntual, correcto y amable","('es', -40.13905382156372)",es,es
428,Muy atento y cordial. Dio la sensacion de saber de su oficio,"('es', -213.97258234024048)",es,es
429,Aaaaaaa,"('en', 9.061840057373047)",so,vi
430,NO vino nadie,"('es', -15.109086036682129)",sl,es
431,Tuve que reclamar la entrega,"('es', -108.80769491195679)",es,es
432,El profesionall llegò en el margen horario estipulado y realizo las mediciones correspondientes.,"('es', -320.85922145843506)",es,es
433,X ahora bien,"('es', -36.14594554901123)",so,es
434,Excelente profesional y persona.,"('es', -19.576560020446777)",es,es
435,muy bien,"('mt', -6.486800193786621)",es,es
436,muy buena atencion,"('es', -31.490838527679443)",es,es
437,Muy bien y muy rápido. Muchas gracias,"('es', -101.37060308456421)",es,es
438,El trabajo fue realizado en tiempo y en forma. Los profesionales fueron educados y dejaron el lugar en buenas condiciones. La estufa hasta el momento nunca tuvo un inconveniente desde su instalación.,"('es', -777.9605975151062)",es,es
439,"Muy bueno, rápido y recomendable","('es', -65.17953872680664)",es,es
440,Fueron buenas las opciones que dio para el trabajo,"('es', -226.51569890975952)",es,es
441,Excelente!,"('en', 0.6303577423095703)",ro,es
442,Todo muy bien,"('es', -29.40669059753418)",es,es
443,Muy profesional,"('en', 9.061840057373047)",en,es
444,Muy atento y amable. Realizo sugerencias Muy conforme,"('es', -138.06743812561035)",es,es
445,Muy bueno,"('en', 9.061840057373047)",es,es
446,"conforme de la visita, estoy a la espera de una respuesta.gracias","('es', -207.07168531417847)",es,es
447,buen trabajo,"('es', -24.00764560699463)",es,es
448,Excelente Profesional,"('es', -6.790286064147949)",es,es
449,"Estuvo todo muy bien! Se atraso un par de dias la obra, pero quedo bien, y la gente que hizo el trabajo era muy limpia y atenta. Muy recomendable!","('es', -514.4813678264618)",es,es
450,bastante bueno.,"('es', -12.209970951080322)",es,es
451,Ok instalación,"('gl', -43.638315200805664)",es,es
452,mbuena atencion,"('es', -31.490838527679443)",es,es
453,"El calefon quedo a medio instalar porque casi terminando la instalacion se dieron cuenta que vino con una falla en el conpartimiento de la pila para el encendido. Me comunique con Sebastian de Iguana fix y me dijo que iba a enviar un mail a sodimac para que me realicen el.cambio del calefon. El gasista se retiro de mi domicilio dejando el calefon instalado excepto una manguera de agua, que cuando fui a abrir la canilla de la cocina, ese caño que quedo desconectado empezo a perder un chorro de agua. Tuve q cortar la.llave de agua general del departamento para que no pierda mas. Estoy sin agua en toda la casa, necesito una respuesta urgente","('es', -2287.9092750549316)",es,es
454,Muy buena atención,"('es', -52.51024580001831)",es,es
455,Faltaría que envíen el presupuesto,"('es', -174.6452407836914)",es,es
456,Muy claro y profesional,"('es', -17.50102138519287)",es,es
457,"Es una persona atenta y educada. reviso la heladera, la desarmo, no ensucio nada y me comento lo que tenia que arreglar y que debia esperar que mi seguro se comunique conmigo. muy recomendable.","('es', -677.2501091957092)",es,es
458,En junio pedí arreglo de Bacha porque estaba despegada. El profesional optó por pegarla y quien lo arregló dice que la Bacha va a volver a despegarse por lo que no estoy conforme con el servicio,"('es', -777.0757296085358)",es,es
459,"Muy buen trabajo y super rápido, muy conformes","('es', -99.38044595718384)",es,es
460,Nada.,"('es', -0.7389726638793945)",so,es
461,Muy bueno el servicio,"('es', -65.33998441696167)",es,es
462,Muchas gracias!!! Todo tal lo esperaba,"('es', -96.66732549667358)",es,es
463,TODO OK,"('en', 9.061840057373047)",pt,es
464,Aún no me trajeron el aparato arreglado,"('es', -113.43918514251709)",es,es
465,Excelente todo!!!,"('es', -14.330869197845459)",pt,es
466,Excelente todo!!!,"('es', -14.330869197845459)",pt,es
467,Nunca vino,"('es', 1.8952512741088867)",es,es
468,Lo anterior es claro,"('es', -23.190797328948975)",es,es
469,Todo ok,"('pt', -12.324566841125488)",sk,es
470,La visita fue muy buena y puntual. Lo que aún no recibí el presupuesto,"('es', -223.00354623794556)",es,es
471,"El profesional nunca llegó a mi casa y nadie se comunicó conmigo para avisar porque. Después de dos llamadas y media hora de espera, de iguana fix me dicen que el profesional estaba demorado y había que reagendar. Debido a la mala atención recibida decidí cancelar el servicio por lo que solicito la devolución de la visita abonada con tarjeta de crédito y nunca realizada. Gracias","('es', -1651.3365530967712)",es,es
472,Todo bien,"('es', -21.023327827453613)",es,es
473,Todo perfecto.,"('pt', -18.53882884979248)",es,es
474,Muy amable,"('en', 2.78085994720459)",so,es
475,todo ok,"('pt', -19.84747314453125)",sk,es
476,Dos veces me cambio la fecja del trabajo sobre el mismo dia que tenia que venir,"('es', -379.32243514060974)",es,es
477,Realizó un excelente trabajo.,"('es', -95.83102369308472)",es,es
478,Muy bien.,"('de', -15.635057926177979)",de,es
479,Excelente en todo puntualidad trato prolijidad en tiempo. Altamente recomendable !!,"('es', -178.62057304382324)",es,es
480,no califico el precio realmente no tengo idea *el lavarropas funciona gracias,"('es', -192.53860473632812)",es,es
481,Llego MUY tarde,"('pl', -16.860741138458252)",ca,es
482,Todo bien!,"('es', -21.023327827453613)",es,es
483,Puntual,"('en', 9.061840057373047)",id,es
484,A la epera del presupuesto,"('es', -69.7080066204071)",es,es
485,El profesional muy serio y correcto. Fravega por segunda vez entrega un termotanque que no corresponde.,"('es', -326.9275712966919)",es,es
486,muy bueno,"('en', 9.061840057373047)",es,es
487,nunca aviso q no venia,"('es', -71.2311954498291)",it,es
488,No llegaron a la hora acordada.falta de seriedad he incumplidos pensé q era una empresa sería,"('es', -399.9344799518585)",es,es
489,Respondió a la necesidad,"('ca', -76.99286699295044)",es,es
490,Trabajo correcto en tiempo y forma.,"('es', -110.82693910598755)",es,es
491,Trabajo correcto,"('es', -28.384940147399902)",es,es
492,Trabajo correcto,"('es', -28.384940147399902)",es,es
493,Profesional aparentemente correcto,"('es', -12.967508792877197)",es,es
494,Espero el presupuesto. Muchas gracias,"('es', -98.69572114944458)",es,es
495,si bien el trabajo se realizo muy bien me lo tuvieron que reprogramar porque el anterior técnico no avisó que iba a faltar por problemas personales,"('es', -538.9739623069763)",es,es
496,"Llegó aproximadamente 40 minutos tarde pero el trato fue muy bueno! El precio me pareció caro ya que no pudo reparar nada, quedo en mandarnos un presupuesto.","('es', -528.2864894866943)",es,es
497,Todo Salio genial,"('it', -42.36601638793945)",it,es
498,"todo ok, gracias","('es', -41.63156843185425)",pl,es
499,Excelente!,"('en', 0.6303577423095703)",ro,es
500,Muy bueno el trabajo realizado,"('es', -104.75107002258301)",es,es
501,No le dieron bien la dirección al pobre hombre....,"('es', -240.28462266921997)",es,es
502,Muy buena atención y asesoramiento profesional,"('es', -131.96760654449463)",es,es
503,Quedé muy conforme,"('fr', -49.94593048095703)",es,es
504,Muy profesional y efectivo.se encontraron problemas no planeados los solucionó.,"('es', -161.16487169265747)",es,es
505,buen trabajo y asesoramiento,"('es', -95.31319665908813)",es,es
506,"Muy puntuales, cumplidores y correctos.","('es', -77.03447675704956)",es,es
507,Muy bueno excelente en su trabajo .,"('es', -104.6749005317688)",es,es
508,Buen asesoramiento,"('fi', -44.17687702178955)",es,es
509,Sin problemas,"('es', -0.27210521697998047)",sl,es
510,Excelente atención. Gracias! Aguardo entonces arreglo de TV arrego,"('es', -173.9787118434906)",es,es
511,"no quiero que vengan, hace tres veces que confirmamos la visita y nunca vino, son unos mentirosos, me hicieron perder el tiempo, cancelando reuniones y saliendo a la corridas desde un sanatorio del centro para llegar a las 16 horas. devuelvan el dinero. aprendan a trabajar responsablemente, no son confiables, saludos","('es', -1048.9733374118805)",es,es
512,Muy buena mudanza,"('it', -16.209299564361572)",sw,es
513,Todo de acuerdo a lo convenido telefónicamente,"('es', -167.83941197395325)",es,es
514,todo de acuerdo a lo acordado,"('es', -142.57846570014954)",es,es
515,Buenisimo,"('lt', 1.2334938049316406)",lt,es
516,"Muy recomendable,","('en', -0.2975168228149414)",es,es
517,MuY bueno.,"('en', 9.061840057373047)",es,es
518,Todo ok,"('pt', -12.324566841125488)",sk,es
519,Perfecto,"('en', 9.061840057373047)",en,es
520,todo ok. recomendable.,"('es', -42.58534860610962)",pt,es
521,"Buena predisposición . El equipo no quedó perfecto. Por agenda recargada, trabajan bajo presión.","('es', -341.5637321472168)",es,es
522,"Todo bien, excelente atención y seriedad","('es', -135.8112244606018)",es,es
523,Termino llegando a las 17:30 approx y yo ya no estaba. Ese no era el horario pactado. Visita cancelada,"('es', -348.89455127716064)",es,es
524,Dejaron mucho que desear en cuánto tiempos de respuesta y atención al cliente (tanto el centro telefónico como el técnico ),"('es', -565.7935862541199)",es,es
525,Decidí no realizar el servicio con el taller,"('es', -183.59341049194336)",es,es
526,TODO BIEN,"('en', 9.061840057373047)",vi,es
527,Excelente atencion,"('es', -46.675471782684326)",es,es
528,Muy prolijo y detallista,"('es', -85.26611542701721)",es,es
529,excelente,"('en', 0.6303577423095703)",pt,es
530,El precio me parece caro para el trabajo realizado.,"('es', -168.52834701538086)",es,es
531,Muy buen trabajo los servicios de iguanafix altamente recomendable.,"('es', -158.43151831626892)",es,es
532,todo de 10 gracias !!,"('es', -63.79305815696716)",es,es
533,Muy buena puntualidad y buen manejo de conocimientos,"('es', -109.76889967918396)",es,es
534,Excelente profesional,"('es', -6.790286064147949)",es,es
535,"No tengo el precio, pero igual les pongo 5 estrellas. Algo para corregir, es que la atencion telefonica es imposible, nunca me atendieron. Por mail se demoro unos dias para contestar. El sistema de registro como usuario en su pagina tiene problemas. Muchas gracias","('es', -726.99298620224)",es,es
536,hubomal entendido con la empresa respecto del trabajo a realizar,"('es', -242.25143313407898)",es,es
537,Salió todo muy bien.,"('es', -81.36002016067505)",es,es
538,......,"('en', 9.061840057373047)",,en
539,"Todo excelente, los chicos muy profesionales y correctos","('es', -131.0442132949829)",es,es
540,Muy bien el trabajo echo,"('es', -83.24901819229126)",es,es
541,Fue bueno todo lo que explico.gracias.,"('es', -123.61571216583252)",es,es
542,Excelente el representante de la empresa todo según lo acordado,"('es', -286.4171802997589)",es,es
543,Vastante saladito el precio d la instalacion,"('es', -135.79029893875122)",es,es
544,Muy buen servicio,"('es', -26.922865867614746)",es,es
545,Excelente !! Recomendo.,"('es', -14.602175235748291)",pt,pt
546,Si bien llego fuera de la franja horaria pautada. Fue muy gentil y espero media hora hasta que yo regresara. Gracias,"('es', -344.7644317150116)",es,es
547,todo ok,"('pt', -19.84747314453125)",sk,es
548,Muy buen trabajo de los chicos super recomendable,"('es', -146.521066904068)",es,es
549,Todo correcto,"('pt', -18.29134702682495)",es,es
550,"No sabia como hacer el trabajo, dijo que iban a enviar a alguien que supiera cuando en el llamado yo aclare que era lo que habia que hacer.","('es', -713.1763229370117)",es,es
551,El Sr.Zubeldia es una persona muy voluntariosa trabajando y muy competente,"('es', -203.66499757766724)",es,es
552,"muy educados y prolijos, los recomiendo","('es', -150.31996726989746)",es,es
553,muy buena atención y muy educados y profesionales el personal.,"('es', -180.20477962493896)",es,es
554,Muito bom,"('it', -12.811354160308838)",pt,pt
555,"muy bueno especialmente el tema seguridad, foto del instalador, clave de seguridad y mail cuando se estaba dirigiendo al domicilio. Valorado!","('es', -491.9723081588745)",es,es
556,No se manejaron con honestidad e interés. Parece que te hacen un favor en lugar de un trabajo.,"('es', -364.526326417923)",es,es
557,sem comentarios,"('pt', -28.127268314361572)",pt,pt
558,Todo súper bien!,"('es', -73.19784021377563)",sk,es
559,Estoy muy conforme,"('es', -4.604019641876221)",es,es
560,todo en orden,"('es', -44.63601779937744)",es,es
561,"En general Iguanafix es una buena opción, espero que el trabajo realizado no requiera hacer uso de la garantía","('es', -455.2072608470917)",es,es
562,Todo bien,"('es', -21.023327827453613)",es,es
563,El problema fue solucionado con celeridad y total seguridad,"('es', -223.0230951309204)",es,es
564,muy bien,"('mt', -6.486800193786621)",es,es
565,Muy atento con todo lo que le pedí! Muy recomendable.,"('es', -206.67176342010498)",es,es
566,Muy bueno,"('en', 9.061840057373047)",es,es
567,todo ok,"('pt', -19.84747314453125)",sk,es
568,muy bien,"('mt', -6.486800193786621)",es,es
569,MUY BIEN EL SEVICIO,"('en', 9.061840057373047)",ca,es
570,Todo ok.,"('pt', -12.324566841125488)",sk,es
571,Sem comentarios,"('pt', -28.127268314361572)",pt,pt
572,Preciso de urgencia orçamento,"('pt', -81.55649733543396)",pt,pt
573,"Muchas gracias, Daniel!","('es', -51.75051784515381)",es,es
574,"Puntual y parecía confiable, ahora a esperar el presupuesto para ver si nos es conveniente. Muchas gracias.","('es', -305.1867141723633)",es,es
575,"Fue todo excelente, muy buen trabajo, trato y puntialidad...gracias!","('es', -132.135977268219)",es,es
576,todo bien,"('es', -28.563910961151123)",es,es
577,Muy bien predispuesto.,"('es', -40.54886770248413)",es,es
578,Rápido y eficiente,"('es', -52.99645137786865)",es,es
579,Un grande Pablo,"('fr', -23.39074182510376)",es,es
580,Espero presupuesto,"('es', -36.09292507171631)",es,es
581,"Todo muy bien, muy amable.","('es', -46.59107494354248)",es,es
582,genial,"('pl', 1.3731427192687988)",nl,es
583,el costo no lo se porque fue a traves del seguro,"('es', -199.3022801876068)",es,es
584,"La cocina a instalar ADVERTÍ que era a gas la encimara, y eléctrico el horno. LO PRIMERO QUE LE PREGUNTÉ ES SI HABÍA CONECTADO OTRAS COCINAS COMO ESTAS Y ME DIJO "" SIIIIII"" Me dio tranquilidad. Conectó el gas y cuando llegamos al tema eléctrico, me dijo que había que cambiar el enchufe de la pared. Le pregunté si lo podía hacer. Me dijo que no,, que no era electricista. Llamé al encargado del edificio y le dijo que si esperaba 10 minutos, él lo cambiaba y quedaba todo resuelto. No quiso esperar aduciendo que tenía otros trabajos que hacer. Empecé a llamar a IGUANAFIX, para que solucionaran este problema. Tardaron 30 minutos en contestar. El operario ya se había ido. El enchufe estaba cambiado. Lo hicieron volver desde la empresa. NO TENÍA IDEA DE CÓMO SE HACÍA FUNCIONAR EL HORNO. Me dijo el operario que él no era electricista. Evidentemente NO HABÍA COLOCADO NUNCA UNA COCINA ARISTON DE ESTAS CARACTERÍSTICAS Quien terminó el trabajo fue el Encargado. NUNCA mas IGUANAFIX!!!","('es', -3475.8433248996735)",es,es
585,foi super prestativo,"('pt', -38.70574426651001)",it,pt
586,No vinieron,"('de', 0.535987377166748)",af,es
587,"Todo ok! El único detalle q cuando me avisan q el técnico está llegando , me calculan el tiempo con Google Maps, como si fuera CAMINANDO, entonces no es real el tiempo y presta confusión . Las 3 veces q use iguanafix, paso lo mismo. Graciasssss","('es', -818.644933462143)",es,es
588,"Por las condiciones de instalación del calefón no lo pudo reparar. Igualmente el profesional fue amable,me explicó todo lo que iba a hacer y dejó todo súper limpio.","('es', -600.7947380542755)",es,es
589,muy amable,"('en', 2.78085994720459)",tl,es
590,"Muy amable, puntual y profesional","('es', -4.592705726623535)",es,es
591,Muy amable el señor,"('es', -66.86477184295654)",es,es
592,Genial,"('pl', 1.3731427192687988)",ca,es
593,Espero tener un equipo eficiente,"('gl', -77.31506776809692)",es,es
594,"El trabajo fue realizado, pero no duró ni 24 hs, hoy a la noche dejó nuevamente de funcionar","('es', -379.41142749786377)",es,es
595,BUENA ATENCION E INFORMACION,"('en', 9.061840057373047)",en,es
596,La visita de realizó tal cual lo programamos. Excelente servicio de presupuestacion,"('es', -247.22954273223877)",es,es
597,muito bom serviço,"('pt', -70.80902767181396)",pt,pt
598,Gostei,"('de', -0.15432453155517578)",de,pt
599,Mejorar el calculo de los materiales,"('es', -105.7023093700409)",es,es
600,Muy bien el equipo de ejecucion de la garantia. Daniel ha demostrado preocupacion por resolver problemas y muy atento a los detalles de la obra.,"('es', -534.7336585521698)",es,es
601,Muy bueno,"('en', 9.061840057373047)",es,es
602,"El problema no se soluciono pero me explico cual era el problema, fue muy sincero y atento. Absolutamente recomendable. Volveria tranquilamente al taller.","('es', -341.28921699523926)",es,es
603,Sere nuevamente su cliente si lo necesito,"('es', -114.83172655105591)",it,es
604,Llego más tarde del rango de hora pactada.  El servicio para la espera de la cotización es extremadamente lento. ,"('es', -537.6923906803131)",es,es
605,Muy educado y respetuoso,"('es', -61.30379629135132)",es,es
606,Deben pasar un presupuesto...el trabajo no pudo hacerse,"('es', -156.80213117599487)",es,es
607,"Cumplimiento correcto, muy amable","('es', -37.29623556137085)",es,es
608,que me parecio muy profecional gracias...,"('es', -72.42832708358765)",es,es
609,todo ok,"('pt', -19.84747314453125)",sk,es
610,Llego tal lo pactado,"('es', -66.0163779258728)",es,es
611,buena atención,"('es', -52.51024580001831)",es,es
612,Muy bi en,"('en', 9.061840057373047)",tr,es
613,no estaba calificado ara el trabajo que había que realizar- todo bien en otros aspectos,"('es', -427.159227848053)",es,es
614,Llego unos minutos tarde pero con justa causa debido al trafico inesperado.,"('es', -288.4554350376129)",es,es
615,No soluciono todos los problemas. Hay un artefacto que no supo instalar correctamente.,"('es', -263.5154399871826)",es,es
616,Fue todo bien,"('es', -28.563910961151123)",es,es
617,todo ok,"('pt', -19.84747314453125)",sk,es
618,Super bien. Necestio mi una nueva cotización cómo la hago??,"('es', -261.96632623672485)",es,es
619,Todo bien muchas gracias.,"('es', -84.2021131515503)",es,es
620,Sem comentarios,"('pt', -28.127268314361572)",pt,pt
621,Quedo en espera de cotización. Gracias.,"('es', -169.20374369621277)",es,es
622,"Todo muy bien, correcto y preciso ","('es', -79.75317335128784)",es,es
623,Compromiso y puntualidad en el trabajo!!!,"('es', -88.30597305297852)",es,es
624,muy bien la visita. importante que te envien datos y fotos de la gente..,"('es', -296.51031041145325)",es,es
625,"El instalador Marcelo vignati.llego a horario, muy educado!. Nos ayuda a elegir donde colocarlo; dejo el lugar impecable. Recomendable 100%. Muchas Gracias!!!!","('es', -314.0975420475006)",es,es
626,"El instalador Marcelo vignati.llego a horario, muy educado!. Nos ayuda a elegir donde colocarlo; dejo el lugar impecable. Recomendable 100%. Muchas Gracias!!!!","('es', -314.0975420475006)",es,es
627,Cuando me confirman el presupuesto?,"('es', -58.939109325408936)",es,es
628,"Salió todo perfecto, muy amables y prolijos. Dejaron todo funcionando y limpio.","('es', -262.30958700180054)",es,es
629,Bom atendimento,"('es', -15.655932426452637)",pt,pt
630,Contento con el buen trabajo..,"('es', -80.33233165740967)",es,es
631,"me agradó la persona, ahora espero el presupuesto","('es', -158.97050714492798)",es,es
632,muy amable! y muy profesional,"('es', -4.592705726623535)",es,es
633,Excelente profesional. Me asesoró y fue muy eficiente.,"('es', -89.58635330200195)",es,es
634,"Puntual, rápido y muy amable. Me mostró de forma rápida y simple cómo funciona. Muy recomendable.","('es', -228.03164887428284)",es,es
635,NO SE QUE PASARA CON EL TELEVISOR,"('en', 9.061840057373047)",vi,es
636,Correcta la visita quedo a la espera del presupuesto para decidir sobre otras opciones,"('es', -375.826313495636)",es,es
637,"Excelente trabajando. Ya que le figuraba otro domicilio y no pudo colocarlo el sábado como era en un principio, y se compremetio venir él el día de hoy y lo realizo en tiempo y forma.. Muy bien por ambos chicos. Gracias","('es', -870.8300755023956)",es,es
638,todo birn,"('es', -11.982617855072021)",sl,es
639,Todo perfecto.Trato amable y me explicó todo muy bien.Lo recomiendo.,"('es', -158.12594890594482)",es,es
640,"Gracias, espero el presupuesto. Saludos","('es', -101.56462526321411)",es,es
641,"pesimo servicio. me cambiaron 3 veces el dia , nunca me informaban la suspencion del servicio. no tube opciones alternativas para la instalacion, despues de 2 semanas concluyeron en cancelarme la instalacion pq no cuentan con otro profesional para el servicio q contrate, aun no me hes informado como sera la devolucion del importe que abone. para neda recomendable el servicio y las ""soluciones"" que comunican que venden.","('es', -1320.2145102024078)",es,es
642,conforme,"('en', 9.061840057373047)",es,pt
643,Muito satisfeito com o profissional,"('pt', -51.331453800201416)",pt,pt
644,Bien el trabajo,"('es', -53.646663188934326)",es,es
645,-----,"('en', 9.061840057373047)",,en
646,Desprolijo en algunos sectores. Se quedo sin pintura y la tuve que abonar yo por fuera del presupuesto.,"('es', -408.77040219306946)",es,es
647,No pudo resolver el problema pero nos aclaro como proseguir.,"('es', -181.83873414993286)",es,es
648,Todo perfecto,"('pt', -18.53882884979248)",es,es
649,Muy amable y atento!,"('es', -35.72421836853027)",es,es
650,Muy calificado,"('es', -17.058659076690674)",es,es
651,Muy calificado,"('es', -17.058659076690674)",es,es
652,Muy puntuales. Buen trato y rapido.,"('es', -56.56817150115967)",es,es
653,Profesional muy amable y dedicado a escuchar y ver el problema.,"('es', -181.8198425769806)",es,es
654,Todo perfecto,"('pt', -18.53882884979248)",es,es
655,En junio se realizó el trabajo y hoy mi bacha volvió a descolocarse. Claramente el servicio no fue bien realizado y neceisto una respuesta a la brevedad.,"('es', -595.5233471393585)",es,es
656,"En una semana me enteraré de qué tan adecuada fue la reparación, por eso no quería calificar antes. En líneas generales, estuvo bien, pero no me da mucha confianza cómo arregló lo que necesitaba; pronto lo corroboraré.","('es', -970.48810505867)",es,es
657,Otimos. Bem atenciosos.,"('es', -54.91692924499512)",pt,pt
658,exelente . !!! ahora estoy a la espera del presupuesto,"('es', -159.86396861076355)",es,es
659,Todo Ok. Muy cordial,"('es', -15.59339427947998)",es,es
660,Todo Ok. Muy cordial,"('es', -15.59339427947998)",es,es
661,Buen servicio.,"('es', -26.922865867614746)",es,es
662,LA primera visita no vinieron,"('es', -46.36507749557495)",it,es
663,todo muy rapido,"('pt', -26.31374454498291)",es,es
664,Aguardo el presupuesto.,"('es', -44.33461809158325)",es,es
665,todo ok,"('pt', -19.84747314453125)",sk,es
666,ótimo atendimento!,"('lt', -82.48226141929626)",it,pt
667,Muy profesonal,"('en', 9.061840057373047)",es,es
668,La mampara pierde agua por todos lados . Ahora tengo q llamar a quejarme para que vengan a solucionar el problema,"('es', -422.14594984054565)",es,es
669,Todo muy bien. Lo recomiendo.,"('es', -70.32931995391846)",es,es
670,Todo muy bien.,"('es', -38.46366786956787)",es,es
671,Muy buena calidad y prolijidad del trabajo. Los tecnicos tuvieron muy buen trato y atentos con las consultas que les hicimos.Muy bien!!,"('es', -471.9936134815216)",es,es
672,"No se pudo realizar por diferencias tecnicas entre mi equipo y el detallado en el servicio de iguanafix, pero se reprogramara.","('es', -418.85072231292725)",es,es
673,"Gracias al diagnósitico, pude comprobar que no está funcionando bien la central telefónica.","('es', -340.4642758369446)",es,es
674,Se pudo apreciar interés en resolver el problema.,"('ca', -175.79857206344604)",es,es
675,Muy Bien!,"('en', 9.061840057373047)",de,es
676,"Él Tecnico nunca llegó haciéndome perder el tiempo y sin cumplir la garantía que prometen. Me hicieron esperar tres días para la revisión , donde está la formalidad y beneficios que prometen ???","('es', -850.8385515213013)",es,es
677,"Nunca se presentó en mi domicilio. Lo esperé de 8 a 12, tal como estaba convenido y no apareció.","('es', -368.59885573387146)",es,es
678,EXCELENTE LABOR,"('en', 9.061840057373047)",es,es
679,Trabajaron muy bien y me dieronrecomendaciones sobre uso del depósito iones.,"('es', -336.6813716888428)",es,es
680,Muy educado,"('es', -9.772702693939209)",es,es
681,bien!,"('es', 0.8333187103271484)",nl,fr
682,Todo correcto,"('pt', -18.29134702682495)",es,es
683,"El diagnostico no pudo ser total en el momento (necesitaba otra inspección), pero el profesional fue muy amable y cordial!","('es', -369.26985120773315)",es,es
684,Me avisó q a las 10 hs estaría en mi casa y llegó 12:30 hs x otro contratiempo.,"('es', -382.6209740638733)",es,es
685,Todo muy bien! Muy amable.,"('es', -37.13441848754883)",es,es
686,"Muy buen trato, excelente atención y disposición. Trabajo prolijo aunque llegaron pasado la hora límite estipulada y perdí toda la tarde esperándolos. Sería bueno que avisen con tiempo al cliente la demora que tienen. Gracias!!","('es', -1000.0658228397369)",es,es
687,"Excelente profesional, llegó en horario y dejó todo bárbaro. Me ayudó a cortar una reja sin costo. Super recomendable.","('es', -391.1947133541107)",es,es
688,Expeditivo,"('es', -5.349709510803223)",ro,es
689,"Le puso empeño, todo perfecto","('gl', -95.65271806716919)",es,es
690,Me dejaron plantada Sin aviso,"('es', -74.1649124622345)",es,es
691,Deu algumas sugestões para resolver os problemas ,"('pt', -164.95321321487427)",pt,pt
692,"Nunca vino!!! Tampoco se comunicó para avisar que no venía y el teléfono que me proporcionaron no contestó, decía que era de lunes a viernes. Lamentable!!!!","('es', -687.2998547554016)",es,es
693,Llegó casi las 12 ha. Por un momento pensé que no venía. Pero bien estaba dentro del horario acordado,"('es', -445.61751222610474)",es,es
694,muy buen trabajo excelente trato,"('es', -52.213340759277344)",es,es
695,todo bien,"('es', -28.563910961151123)",es,es
696,Muy correcto y claro.Estamos esperando el presupuesto.,"('es', -173.5284218788147)",es,es
697,Hubo un problema luego de realizada la tarea pero Alejandro volvió enseguida a resolverlo. Muy recomendable,"('es', -328.55923867225647)",es,es
698,El profesional fue amable y educado.,"('es', -68.31981754302979)",es,es
699,Una persona muy profesional,"('es', -8.946439743041992)",es,es
700,trabajo responsable,"('es', -21.49064064025879)",es,es
701,Excelente trato y profesionalismo.,"('es', -40.541075706481934)",es,es
702,"TENIA DUDAS DE HACER EL TRABAJO POR EL COSTO, PERO LO CONSULTE CON MIS HIJOS Y LO VOY A HACER. ESPERO PRESUPUESTO","('es', -29.779998779296875)",en,es
703,Muy bueno el servicio. Super recomendables,"('es', -84.77165937423706)",es,es
704,Excelente trabajo,"('es', -29.372055053710938)",es,es
705,Todo perfecto! Muchas gracias,"('es', -49.945547580718994)",es,es
706,Nunca lo encontre donde esperaba verlo después de transcurrido 40 minutos me fui,"('es', -268.826651096344)",es,es
707,Excelente trabajo!!!,"('es', -29.372055053710938)",es,es
708,Boa noite! Qualifico e parabenizo o trabalho excelente executado pelo profissional Edson. Excelência e Competência.,"('pt', -337.46508836746216)",pt,pt
709,Todo muy bien,"('es', -29.40669059753418)",es,es
710,"Pensé que el trabajo podía ser limpiando el aire con hidrojet y no fue Así, y eso era lo que quería","('es', -569.8533501625061)",es,es
711,Muy buen servicio y prolijidad del trabajo,"('es', -160.21713376045227)",es,es
712,Todo bien,"('es', -21.023327827453613)",es,es
713,"El profesional muy atento, el trabajo no se realizó porque no cumplía con la categoría en su matricula","('es', -406.54669713974)",es,es
714,Excelente trabajo muy conforme con el personal,"('es', -66.30623054504395)",es,es
715,Excelente trabajo,"('es', -29.372055053710938)",es,es
716,"Es excelente este sistema, y el técnico sumame recomendable!!!!!!!!","('es', -189.595938205719)",es,es
717,muy bien,"('mt', -6.486800193786621)",es,es
718,Todo bien,"('es', -21.023327827453613)",es,es
719,Todo perfecto.,"('pt', -18.53882884979248)",es,es
720,"luego de pasado el horario que me dieron tuve que llamar yo para putear que no había venido nadie, dejar un mensaje para que me llamen y avisarme que la persona estaba demorada, no entiendo como es posible que Uds que cobran por el servicio de comunicar al prestador con el cliente no llamen para avisar que la persona está retrasada, sobre todo cuando ya habían pasado las 4 horas de espera.","('es', -1695.854795217514)",es,es
721,"La empresa no tomo los recaudos necesarios para el armado del ropero, ya que no sabian el tamaño y enviaron a una sola persona a armar un ropero que era minimo para dos personas. El hombre estuvo el primer dia de 18:00hs a 23:30hs y no lo pudo terminar , vino por segunda vez y lo termino. La verdad de Jorge puedo decir solo cosas buenas, cosa que de la empresa no.","('es', -1563.5070078372955)",es,es
722,Excelente!,"('en', 0.6303577423095703)",ro,es
723,Muy educado. Vio la situacion y tomo los datos para pasar presupuesto.,"('es', -234.09904861450195)",es,es
724,Me pareció un poco costoso,"('es', -114.72146797180176)",es,es
725,muy bien,"('mt', -6.486800193786621)",es,es
726,Todo correcto,"('pt', -18.29134702682495)",es,es
727,todo ok,"('pt', -19.84747314453125)",sk,es
728,Muy bueno,"('en', 9.061840057373047)",es,es
729,"Lo dejo perfecto, el plomero que me mandaron antes lo dejo todo roto y jamas volvió. Esteban arregló todo y quedó perfecto.","('es', -517.440179347992)",es,es
730,TODO OK,"('en', 9.061840057373047)",pt,es
731,Profissional educado e aparentemente competente,"('pt', -82.11640739440918)",pt,pt
732,"Muy buen trabajo, excelente trato ?? buena onda","('es', -53.15949249267578)",es,es
733,Excelente,"('en', 0.6303577423095703)",ro,es
734,Recomendare a mis amigos.,"('en', -58.010075092315674)",pt,es
735,Muy profesional y experto en el tema,"('es', -74.05854511260986)",es,es
736,"El sr fue sumamente cordial, correcto y trabajo muy bien. Lo recomiendo y agradezco la atención.","('es', -322.4211759567261)",es,es
737,Muy buen trabajo y cordialidad,"('es', -70.92166948318481)",es,es
738,Excelente servicio,"('es', -39.526987075805664)",es,es
739,excelente,"('en', 0.6303577423095703)",pt,es
740,Todo perfecto,"('pt', -18.53882884979248)",es,es
741,Excelente!!!!,"('en', 0.6303577423095703)",ro,es
742,"Trabajo realizado en muy poco tiempo, el profesional se presentó puntualmente y me encantó el producto (mezcladora) instalado. Valió la pena la inversión.","('es', -528.4730739593506)",es,es
743,100% recomendable no solo para aire acondicionado,"('es', -130.66963291168213)",es,es
744,"Muy bien, la persona que realizó la visita fue muy correcta.","('es', -185.3485655784607)",es,es
745,"Excelente colaborador. Muy atento, responsable y profesional.","('es', -86.88591432571411)",es,es
746,Muy Bueno y super ubicados y respetuosos los professionals que estuvieron en mi casa. Mil Graciass . Buen años para todos,"('es', -476.08442878723145)",es,es
747,Muy bueno y correcto el profesional. Aguardo información sobre el presupuesto de realización.,"('es', -344.2674353122711)",es,es
748,Excelente trabajo,"('es', -29.372055053710938)",es,es
749,Estaría bueno achicar el rango horario para no tener que esperar 4 horas. Gracias,"('es', -313.9084234237671)",es,es
750,Todo excelente,"('es', -26.33094596862793)",pt,es
751,Ótimo atendimento. Com certeza vou chamar o profissional para outros serviços.,"('pt', -245.85708570480347)",pt,pt
752,"Excelente profesional, quedamos a la espera de un presupuesto para seguir","('es', -246.8755805492401)",es,es
753,Benigno fue muy amable y didáctico en sus explicaciones.,"('es', -192.27938985824585)",es,es
754,Excelente trabajo y sugerencias adicionales que excedieron nuestras expectativas.,"('es', -278.21928453445435)",es,es
755,Muchas gracias Esteban. Profesional muy correcto y recomendable.,"('es', -105.1567063331604)",es,es
756,Muy amable,"('en', 2.78085994720459)",so,es
757,Todo en orden y correcto,"('es', -76.91819858551025)",es,es
758,"Muy buen laburo,cuando muy amables en el trato","('es', -116.71650743484497)",es,es
759,Fueron muy amables. Y realizaron el trabajo super rápido.,"('es', -148.42163467407227)",es,es
760,"Profissional demonstrou conhecimento sobre o trabalho, esclareceu possíveis dúvidas e demonstrou muita segurança no trabalho a ser executado em caso de contratação.","('pt', -708.835191488266)",pt,pt
761,Expeditivo y confiafle.,"('es', -40.4611930847168)",es,es
762,Péssimos serviços na reforma em minha casa e nos atendimentos telefônicos,"('pt', -277.5771384239197)",pt,pt
763,Estoy muy conforme con el servicio.,"('es', -60.62359619140625)",es,es
764,Todo OK,"('es', -4.442034721374512)",pt,es
765,Muy buen trabajo pero el precio es muy caro,"('es', -138.32523250579834)",es,es
766,Quedé satisfecho con el trabajo.,"('es', -138.82528638839722)",es,es
767,Tres veces quedaron en venir ....,"('es', -125.06738090515137)",es,es
768,Todo bien espero el presupuesta gracias,"('es', -144.2334976196289)",es,es
769,Conforme con el trabajo y la atención,"('es', -152.738112449646)",es,es
770,"Muy buena prediposicion, buen trato, estamos muy conformes. Gracias.","('es', -119.59529781341553)",es,es
771,Muy profesional. La tienen clara.,"('es', -31.587385654449463)",es,es
772,La atención y calidad de los productos. Como así mismo los tiempos de trabajo fueron cumplidos con exactitud,"('es', -454.14025831222534)",es,es
773,Buen trato.,"('de', -0.17456340789794922)",it,es
774,Muy responsable la persona que asistio am service de mi tv,"('es', -128.59307217597961)",es,es
775,Bueno,"('en', 9.061840057373047)",es,es
776,Conforme con la Visita,"('es', -23.26726198196411)",it,es
777,Muy conforme,"('en', 9.061840057373047)",es,es
778,olá eu queria alguem q colovcasse papale de parede....mas ele nao fazia isso.,"('pt', -237.98910689353943)",pt,pt
779,"No pudo solucionar,dice que no había cable negativo por dentro de la pared, tampoco pudo separar motor del extractor del baño del encendido de la uz, otro profesional lo hizo. En definitiva pagué por un trabajo que no se hizo..","('es', -856.7972400188446)",es,es
780,MUY BUEN TRABAJO Y PREDISPOSICION,"('en', -0.8628549575805664)",cy,es
781,Muy amable y correcto.,"('es', -12.562092304229736)",es,es
782,"Todo excelente con el instalador ! 100 % recomendable. Respondió a tiempo el mensaje, llego en el horario indicado y aclaro todas las dudas amablemente. Con respecto a IGuana Fix deberia de mejorar el servicio ya que la primera vez el instalador asignado no vino y no me avisaron nada.","('es', -996.4105124473572)",es,es
783,Todo muy bien,"('es', -29.40669059753418)",es,es
784,Se cumplió con lo programado,"('es', -73.10432147979736)",es,es
785,recomendable,"('en', -0.2975168228149414)",es,es
786,Puntual cortes,"('de', 2.3599448204040527)",es,es
787,No se pudo realizar el trabajo por inconvenientes en mi griferia. Excelente el profesional que me aconsejó. Gracias! Volveré a recurrir a ustedes para trabajos que realice en mi hogar.,"('es', -575.0223541259766)",es,es
788,Consulta de cuánto tiempo es la garantía x el trabajo realizado. Gracias,"('es', -314.86365485191345)",es,es
789,Excelente trabajo que recibí de los profesionales.,"('es', -155.59523272514343)",es,es
790,Td certo,"('en', 9.061840057373047)",it,pt
791,Buen servicio,"('es', -26.922865867614746)",es,es
792,Muy bueno,"('en', 9.061840057373047)",es,es
793,"Todo salió muy bien, se instaló uno de los equipos y me asesoraron bien para el mantenimiento.","('es', -396.34026551246643)",es,es
794,excelente,"('en', 0.6303577423095703)",pt,es
795,Todo muy bien llego incluso antes del horario pautado,"('es', -211.54644560813904)",es,es
796,"Al tomar mas tiempo del esperado (2hs en lugar de 1hs) la colocacion de 4 estantes talvez la tarifa x hora me resulto cara de acuerdo al trabajo realizado. Todo lo demas correcto.se comunicaron hoy conmigo porque recibieron q lo habia calificado con un 1 en trato, pero chequeo que tal como le dije a la chica hoy fue cslificado con el maximo puntaje en trato.","('es', -1189.245567560196)",es,es
797,"Ele foi grosseiro, não apresentou soluções. Não gostei.","('pt', -175.93741369247437)",pt,pt
798,"Sólo la observación del cambio de fecha de la realización del proyecto y la llegada tarde del técnico el día pactado, por lo que se refiere a la instalación estuvo bien","('es', -898.954184293747)",es,es
799,"Todo perfecto, super recomendable!!!","('it', -37.402698040008545)",es,es
800,Muy prolijo el trabajo,"('es', -72.94498252868652)",es,es
801,Todo ok,"('pt', -12.324566841125488)",sk,es
802,Sem comentarios,"('pt', -28.127268314361572)",pt,pt
803,Todo ok,"('pt', -12.324566841125488)",sk,es
804,no era reparable,"('eu', -48.73631286621094)",es,en
805,Muy buen servicio!,"('es', -26.922865867614746)",es,es
806,aun falta la conexion electrica del split,"('es', -108.6537024974823)",es,es
807,Todo ok fue y estamos a la espera de su informe.,"('es', -191.54372429847717)",es,es
808,"Muy buena atención, nos saco todas las dudas que teníamos.","('es', -262.69433307647705)",es,es
809,No se realizó cuando estaba estipulado.Se retrasó una semana.,"('es', -229.225510597229)",es,es
810,Ok ok ok,"('en', 9.061840057373047)",sk,en
811,Correcto . Antes del horario . Claro.Conreto.,"('es', -79.7377188205719)",es,es
812,Atendeu as expectativas. Aguardo agora o orçamento.,"('pt', -131.02772998809814)",pt,pt
813,Muy claro en lo explicado en la visita,"('es', -163.21812343597412)",es,es
814,"Me llamaron el día anterior de IguanaFix para consultar el trabajo; era para un techista. Quedaron en confirmar si podía pasar la persona en el horario que habían indicado y nunca me volvieron a llamar. La persona asignada llegó igual al domicilio sin que me hayan confirmado y yo no estaba. Pongo buen puntaje para no generarle un problema a la persona que vino, pero la organización fue mala.","('es', -1364.4817669391632)",es,es
815,Muy bien en líneas generales,"('es', -110.74597692489624)",es,es
816,Buen trabajo.mínimos detalles muy chicos. Excelente trato muy recomendable,"('es', -167.92396140098572)",es,es
817,Super profissional e honesto.,"('it', -45.62906360626221)",it,pt
818,Fue bueno solo q yo no tenia un adaptador para mi canilla importada.,"('es', -216.9334840774536)",es,es
819,Genial,"('pl', 1.3731427192687988)",ro,es
820,"muy bueno, esperemos que estemos de acuerdo las dos partes.","('es', -277.56195616722107)",es,es
821,. . . .,"('en', 9.061840057373047)",,en
822,En general el trabajo fue correcto. Hubo que remarcar algunos detalles menores pero se solucionaron. Muy buena predisposición de quienes realizaron el trabajo. Quedo a la espera del reintegro por materiales no utilizados. Gracias.,"('es', -873.6297280788422)",es,es
823,Puntual y cordial,"('es', -4.834364414215088)",es,es
824,"Necesitaba escanear la compu, y no tenía escaner","('es', -173.85603857040405)",es,es
825,El precio lo pagué on line,"('es', -99.20672464370728)",es,es
826,Muy bueno recomendable.,"('hr', -13.071109294891357)",es,es
827,Excelente servicio. Muy buena predisposición de parte se José. Muy recomendado.,"('gl', -215.2528190612793)",es,es
828,Muy buena atención y calidad de servicio.,"('es', -141.5642192363739)",es,es
829,"Alejandro ? Cordial, atento, educado, eficiente, limpio Un capo","('es', -114.31839179992676)",es,es
830,Super recomendable,"('vo', -7.7841796875)",es,es
831,Muy bien,"('mt', -6.486800193786621)",es,es
832,Se solucionó el problema con el lavarropa,"('es', -108.30013608932495)",es,es
833,"Bien , quede conforme","('es', -30.5321364402771)",es,es
834,"Nuestros inconvenientes fueron con iguanafix ( no con el instalador).! Tuvimos muchos inconvenientes,( faltó el primer instalador y nadie avisó). Luego la empresa no tuvo ningún gesto de ética ante la falta y nuestra pérdida de tiempo. Por eso, una cosa es evaluar el trabajo del instalador y otra evaluar la empresa. No recomiendo utilizar iguanafix","('es', -1332.0331041812897)",es,es
835,Excelente recomendo Adenilson Everaldo e Naldo,"('pt', -124.8774938583374)",pt,pt
836,Todo muy bien salvo que me dejo desconectada la luz del balcon,"('es', -241.04431557655334)",es,es
837,nunca llegó.,"('ca', -41.72902059555054)",ca,es
838,"Muy buen sistema, trato y cumplimiento de horario","('es', -138.95781922340393)",es,es
839,todo ok,"('pt', -19.84747314453125)",sk,es
840,10 puntos. Muy amable!!!,"('es', -22.108945846557617)",es,es
841,Excelente todo. Muchas graciss,"('es', -39.08123731613159)",pt,es
842,"Bien realizado el diagnostico, esperando el presupuesto. Gracias","('es', -205.48244762420654)",es,es
843,Falta terminar.sigue otro día.,"('es', -114.94068002700806)",es,es
844,Todavía no me han traído el equipo reparado,"('es', -177.4990577697754)",es,es
845,Se realizo en tiempo y forma quedando muy satisfecha con el trabajo.,"('es', -211.2257103919983)",es,es
846,"Llego super tarde, y la visita fue un poco rápida, creo que no se tomo el tiempo necesario para lo que le explicaba. pero al final fue atento.","('es', -577.5814690589905)",es,es
847,No se cumplió con la fecha asignada y luego el técnico no venía al domicilio cuando lo decía. Terminación desprolija.,"('es', -597.2781963348389)",es,es
848,Perfecto,"('en', 9.061840057373047)",en,es
849,Muy bueno Muchas Gracias,"('es', -35.95722532272339)",es,es
850,Amable#educado!,"('es', -9.772702693939209)",es,es
851,Se filtra agua por toda la base por falta de silicona.llame a atancion al cliente y no me atiende nadie,"('es', -228.26328301429749)",es,es
852,Fue todo bien y quedo a la espera del presupuesto,"('es', -215.0477306842804)",es,es
853,muy puntual.,"('en', 9.061840057373047)",id,es
854,Todo bien espero presupuesto,"('es', -99.7560658454895)",es,es
855,Trabajo excelente y el trato de los profesionales COMO SU TRABAJO ES EXCELENTE LO RECOMIENDO,"('es', -180.75800395011902)",es,es
856,"ahora me pasaran el presupuesto ,creo","('es', -69.02847337722778)",es,es
857,Muy buen trabajo.,"('es', -24.00764560699463)",es,es
858,Excelente atenciòn y muy buen trabajo,"('es', -116.31121444702148)",es,es
859,"Prolijos y serviciales, excelentes profesionales","('es', -113.57071018218994)",es,es
860,Me brindo la información que necesitaba ...,"('es', -164.034517288208)",es,es
861,Estoy conforme con el trabajo realizado.,"('es', -108.4306149482727)",es,es
862,"El servicio estuvo bien, pero fue excesivamente caro. Pagamos $ 350 del Diagnóstico, $ 400 mano de obra y $ 220 repuesto.. solo había que arreglar un caño con pérdidas.. Muy caro..","('es', -608.1521592140198)",es,es
863,Agradable persona educada concreto y claro. Muy bien .,"('es', -144.1455864906311)",es,es
864,Muy eficiente gracias,"('es', -23.45673704147339)",es,es
865,"La garantia me exigia que los contrate, pero el servicio me pareció costoso.","('es', -226.51577758789062)",es,es
866,Todo muy bien.,"('es', -38.46366786956787)",es,es
867,"Muy profesionales, expeditivos, organizados y prolijos.","('es', -135.84483814239502)",es,es
868,Todo bien,"('es', -21.023327827453613)",es,es
869,próxima visita ha e realizar los arreglos.,"('es', -128.42356204986572)",es,es
870,Excelente atención. Quedamos muy satisfechos.,"('es', -102.23374509811401)",es,es
871,"Nunca se presentaron, quiero el reintegro del pago.","('es', -156.82577252388)",es,es
872,No me pudo ralizar el trabajo pprque necesitaba ser mas alto para pode cargar el aire acondicionada. Fue muy amble pero no estaba dentro de sus posibilidades. Entonces necesito a alguien que me haga la carga d el aire acondicionado. Dniel se iba a comunicar con ustedes y les iiba explicar que estoy necesitando. Espero presupuesto entonces Gracias,"('es', -1191.9299445152283)",es,es
873,buen trabajo,"('es', -24.00764560699463)",es,es
874,Todo muy bien,"('es', -29.40669059753418)",es,es
875,Muy bien,"('mt', -6.486800193786621)",es,es
876,Todo perfecto,"('pt', -18.53882884979248)",es,es
877,Todo OK,"('es', -4.442034721374512)",pt,es
878,Todo muy bien.,"('es', -38.46366786956787)",es,es
879,Excelente servicio,"('es', -39.526987075805664)",es,es
880,Todo muy bien! lo unico que seria clave es que tengan celular para poder contactarlos por ese medio.,"('es', -334.69814586639404)",es,es
881,Todo ok,"('pt', -12.324566841125488)",sk,es
882,MUITO PONTUAL,"('en', 9.061840057373047)",pt,pt
883,Gracias,"('es', -11.859476089477539)",es,es
884,"otimo profissional, pontual e prestativo","('it', -49.54882764816284)",it,pt
885,"Todo muy bien, tal cual esperaba, Bárbara la persona con la cual me vincule, excelente en su trato. No puedo calificar precio ya que llegue a la empresa a través del seguro. Muchas gracias","('es', -675.6952331066132)",es,es
886,MUITO BOM.,"('en', 9.061840057373047)",en,pt
887,"Salio todo bien, lo único a comentar es que se atraso 1 hora en llegar.","('es', -313.71627712249756)",es,es
888,tudo ok.,"('pt', -4.538136005401611)",sk,pt
889,El técnico fue muy amable . Lo recomiendo,"('es', -96.91511631011963)",es,es
890,Todo bien con el técnico el inconveniente fue con la administracion que atiende por telefono se llamo varias veces para cambiar el horario te decian sisisisi y nunca le avisaron al tecnico. No solo eso sino que cuando los llame ese dia del trabajó al mediodia me clave toda la mañana me minitieron pro teléfono diciendo q habian hablado y jamas ocurrio eso asi q me clave a. La tatde tambien para espersr al tecnico . despues el tecnico perfecto muy bueno,"('es', -1625.0935637950897)",es,es
891,"excelente, me urgen el presupuesto","('es', -55.122761249542236)",es,es
892,De primera,"('es', -16.041497230529785)",nl,es
893,asdfg,"('en', 9.061840057373047)",af,en
894,Bueno,"('en', 9.061840057373047)",es,es
895,Se realizó la visita puntualmente. Estoy aguardando el presupuesto.,"('es', -172.0004415512085)",es,es
896,"Se citó al técnico a las 09.00hs y vino a las 08:00hs, prometiendo volver a la hora pactada y no volvió. Debía constatar si el problema era el arrancador y, en caso afirmativo, cambiarlo. No hizo nada.","('es', -698.4369373321533)",es,es
897,Todo ok!,"('pt', -12.324566841125488)",sk,es
898,solicite visita de profesional para saber tipo y posibilidades de ubicacion de un aire acondicionado en un ambiente determinado,"('es', -441.841046333313)",es,es
899,Perfecto.,"('en', 9.061840057373047)",es,es
900,me dio una buena opinión sobre que acondicionador tendría q.poner,"('es', -337.7384600639343)",es,es
901,"Lo solucioné por mi seguro, pero todo muy bien!","('gl', -178.1793236732483)",es,es
902,muy bien,"('mt', -6.486800193786621)",es,es
903,"A la espera de un presupuesto , muy satisfecha","('es', -116.06255507469177)",es,es
904,todo ok,"('pt', -19.84747314453125)",sk,es
905,"todo correcto, lo único que no me puso las patas de la tele, igual nada, es una pavada que lo hace cualquiera q tenga destornillador.","('es', -563.1189470291138)",es,es
906,Muy amable! Reparo el electrodomestico rapido y me explico como mantenerlo.,"('es', -164.42480278015137)",es,es
907,ME DIO UN PRESUPUESTO SUPERIOR AL DE IGUANAFIX,"('en', 9.061840057373047)",en,es
908,Muy buena atención,"('es', -52.51024580001831)",es,es
909,Muy buena atención,"('es', -52.51024580001831)",es,es
910,Enviarán los presupuestos pedidos por mail.,"('es', -198.58629751205444)",es,es
911,Excelente todo.,"('es', -14.330869197845459)",pt,es
912,Todo ok,"('pt', -12.324566841125488)",sk,es
913,Buena atención y predisposición. Aun estoy evaluando llevar a cabo el arreglo.,"('es', -281.36241006851196)",es,es
914,presupuestará,"('es', -31.736453533172607)",es,es
915,Pensé q venían directo a resolver el problema,"('es', -199.55963468551636)",es,es
916,Fui apurado para no perder el turno por más temprano se me hizo imposible. Llegue 11:45 y ya estaba cerrado.,"('es', -358.8338327407837)",es,es
917,REALIZÓ PRESUPUESTO,"('de', -1.1694164276123047)",de,es
918,Esperé toda la tarde y nunca hubo contacto alguno con el profesional,"('es', -246.38295078277588)",es,es
919,Excelente y recomendable al 100%,"('es', -28.636253356933594)",es,es
920,"Falta de comunicacion entre iguanafix y el tecnico. Uno dice una cosa y el otro otra, x lo pronto se que solo dijo que no podia arreglar el microondas en el domicilio y que tampoco lo iba a retirar...sigo a la espera de saber como van a solucionar esto, ya que despues de modificar el dia y horario de la visita mas de 3 veces, cuando al fin vino a mi domicilio tampoco soluciono nada.","('es', -1498.7424883842468)",es,es
921,"Todo bien, sin problemas, complicaciones ni letra chica","('es', -130.8490228652954)",es,es
922,"Buen trato, aunque cambio de profesional en la segunda visita, hicieron bien el trabajo.","('es', -298.5683753490448)",es,es
923,Cumplio ambos ,"('lt', -40.27097845077515)",pt,es
924,Excelente persona,"('ro', -13.10067081451416)",es,es
925,Cristian fue muy rápido e hizo todo lo que se había acordado.,"('es', -276.08248472213745)",es,es
926,muy bueno y eficiente la capacidad para la istalacion solicitada muchas gracias carlos,"('es', -240.90709924697876)",es,es
927,Nunca vino ni me avisaron,"('it', -29.763595581054688)",it,es
928,puntuales,"('es', -6.950124263763428)",ro,es
929,puntuales,"('es', -6.950124263763428)",ro,es
930,Todo muy bien,"('es', -29.40669059753418)",es,es
931,El profecional se presento y despues de ver el lavavajillas me informo que el no reparaba maquinas industriales. Yo aclaré al solicitar la visita que se trataba de un establecimiento industrial,"('es', -682.2574198246002)",es,es
932,Todo perfecto,"('pt', -18.53882884979248)",es,es
933,Muy buen trabajo muy responsable el instalador,"('es', -74.37812995910645)",es,es
934,"Nunca vino ni se contacto conmigo, tampoco respondio mi mensaje que le envie por iguanafix","('es', -169.07545948028564)",es,es
935,"muy buen servicio, quedo a la espera del presupuesto. gracias","('es', -219.38038516044617)",es,es
936,Todo ok,"('pt', -12.324566841125488)",sk,es
937,Hubi un problema con un caño que dijo va a venir a reparar,"('es', -280.2172660827637)",es,es
938,muy profesional,"('en', 9.061840057373047)",es,es
939,Debn de notificar a los profesionales del trabajo a realizar,"('es', -188.31840705871582)",es,es
940,"el personal que acudio ,a mi domicilio para solucionar el problema que teniamos con nuestro lavarropas ,fue muy cordial y atento con dicho problema,muy recomendable asi da gusto pagar por un servicio de seguro,y que respondan en tan pronta manera,gracias.","('es', -769.3364412784576)",es,es
941,saludos,"('es', 2.7475743293762207)",lt,es
942,Muy buen servicio,"('es', -26.922865867614746)",es,es
943,"Esperaba la visita mas temprano, me atendio bien, solo que me ubiece gustado que me diera mas información del costo de la refaccion y el tiempo de reparación.","('es', -615.8451693058014)",es,es
944,Excelente atención recomendable,"('es', -88.05864667892456)",es,es
945,Excelente el técnico.gracias,"('es', -100.15361261367798)",es,es
946,Presencia 10 Puntualidad 10,"('es', -35.54802656173706)",es,es
947,Excelente..,"('en', 0.6303577423095703)",ro,es
948,Excelente profesional. Muy buen servicio.,"('es', -42.10749912261963)",es,es
949,Todo bien!,"('es', -21.023327827453613)",es,es
950,Simplemente excelente,"('es', -19.86776351928711)",fr,es
951,Trabajo correcto y limpio. Personal muy correcto y atento.,"('es', -140.2911877632141)",es,es
952,En tiempo y forma Muy Bien,"('es', -51.346267223358154)",es,es
953,Todo ok,"('pt', -12.324566841125488)",sk,es
954,Buen servicio,"('es', -26.922865867614746)",es,es
955,Todo super bien,"('it', -56.62970447540283)",es,es
956,Persona idónea y de conceptos claros.,"('es', -79.73537611961365)",es,es
957,Me asesoró muy bien,"('es', -56.050251960754395)",es,es
958,Cambiar Y proveer zócalos rotos,"('es', -121.22361326217651)",es,es
959,Espero el presupuesto,"('es', -60.31653356552124)",es,es
960,todo ok,"('pt', -19.84747314453125)",sk,es
961,Todo correcto,"('pt', -18.29134702682495)",es,es
962,EXCELENTE ATENCIÓN Y SERVICIO!,"('en', 9.061840057373047)",so,es
963,Excelente respuesta por parte de Electrónica Adrian Pilo. Totalmente recomendable.,"('es', -153.99737191200256)",es,es
964,No quiero,"('es', -39.09857940673828)",es,es
965,No se realizó el trabajo porque el Consorcio no lo aprobo,"('es', -221.08437585830688)",es,es
966,"Pésima atención de iguana fix,imposible comunicarse y una vez q logras q alguien te atienda te dicen q ya te llaman y ni aparecen. El instalador todo ok.","('es', -602.2239096164703)",es,es
967,Muy buen servicio,"('es', -26.922865867614746)",es,es
968,Muy atento,"('es', -14.80886173248291)",es,es
969,Muy amables,"('en', 2.78085994720459)",es,es
970,tuvo un trato correcto,"('es', -60.22106218338013)",es,es
971,Sem comentarios,"('pt', -28.127268314361572)",pt,pt
972,Sem comentarios,"('pt', -28.127268314361572)",pt,pt
973,Muy buena primera impresión de IguanaFix,"('es', -86.24003863334656)",es,es
974,Muy buen servicio,"('es', -26.922865867614746)",es,es
975,"Muy profesional, correcto y educado.","('es', -58.51636981964111)",es,es
976,OTROS,"('en', 9.061840057373047)",pt,es
977,ME INTERESARIA QUE VINIERA ESTA PERSONA PARA LA NUEVA INSTALACIÓN EN MI DOMICILIO PORQUE TRABAJO BIEN LLAMAR AL 15-3-4841959,"('en', -20.815959930419922)",pt,es
978,Excelente,"('en', 0.6303577423095703)",ro,es
979,Todo perfecto,"('pt', -18.53882884979248)",es,es
980,"Todo ok, aguardo presupuesto.","('es', -42.45422697067261)",es,es
981,muy buen trato,"('de', -0.17456340789794922)",es,es
982,muy bien,"('mt', -6.486800193786621)",es,es
983,muy bien,"('mt', -6.486800193786621)",es,es
984,.....,"('en', 9.061840057373047)",,en
985,......,"('en', 9.061840057373047)",,en
986,Muy buena atención y predisposición,"('es', -145.88244533538818)",es,es
987,excelente,"('en', 0.6303577423095703)",pt,es
988,Excelente,"('en', 0.6303577423095703)",ro,es
989,O profissional veio sozinho e demorou muito para executar o serviço. Levou 2 dias para terminar o trabalho. Teve que refazer algumas montagens porque estavam fora de esquadro.,"('pt', -548.2862429618835)",pt,pt
990,muy correcto y expliactivo,"('es', -53.311720848083496)",es,es
991,"O trabalho foi muito bem executado. Natan é muito educado, gentil e organizado.","('pt', -321.3225722312927)",pt,pt
992,Tudo OK,"('es', 3.3246684074401855)",pt,pt
993,todo ok,"('pt', -19.84747314453125)",sk,es
994,todo ok,"('pt', -19.84747314453125)",sk,es
995,Todo ok,"('pt', -12.324566841125488)",sk,es
996,Todo muy bien,"('es', -29.40669059753418)",es,es
997,"no me cambiaron el crisdtal, tomaron medidas y me dijeron que volverian martes o miercoles pero hasta hoy no tuve novedades....","('es', -424.6917028427124)",es,es
998,Muy Buen trabajo. Gracias,"('es', -44.2614688873291)",es,es
999,Muy bien hecho el trabajo muy buena persona y muy buen trato,"('es', -155.36947441101074)",es,es
